,label
0,1
1,1
3,0
4,1
5,1
6,1
7,1
8,0
9,1
10,1
11,1
12,1
13,1
14,0
15,0
16,0
17,0
18,1
19,1
20,0
21,1
22,1
23,1
24,0
25,1
26,1
27,1
28,0
29,0
30,0
31,1
32,1
33,1
34,1
35,1
36,1
37,1
38,0
39,1
40,0
41,1
42,1
43,1
44,1
45,1
46,0
47,1
48,1
49,1
50,1
51,1
52,1
53,0
54,1
55,1
56,1
57,1
59,1
60,0
61,1
64,1
65,1
66,1
67,1
68,1
69,1
70,1
71,0
72,0
73,1
74,1
75,0
76,1
77,1
78,1
79,0
80,0
81,1
82,1
83,0
85,1
86,1
87,1
88,1
89,1
90,1
91,1
93,0
94,1
95,0
96,1
97,1
98,1
99,1
100,0
101,0
102,1
103,1
104,1
105,1
106,0
107,1
108,1
109,1
110,1
111,1
113,1
114,1
115,1
116,1
117,0
119,0
120,1
121,1
122,0
124,1
125,1
126,1
127,1
128,0
129,0
130,1
131,1
132,1
133,1
134,0
135,0
136,0
137,1
138,1
139,1
140,1
141,1
142,1
143,1
144,1
145,0
146,1
147,1
148,0
149,1
150,1
151,1
152,1
153,1
154,1
155,1
156,1
157,1
158,1
159,1
160,1
161,1
162,0
163,1
164,1
165,1
167,1
168,1
169,1
170,1
171,1
173,1
174,1
175,1
177,0
178,1
179,0
180,1
181,1
182,1
183,1
185,1
186,0
187,1
188,1
189,1
190,1
191,1
192,1
193,1
194,1
196,0
197,1
198,1
199,1
200,1
201,1
202,1
203,0
204,1
205,1
206,1
207,0
208,1
209,1
210,1
211,1
212,1
213,0
214,1
215,0
217,1
218,1
219,1
220,1
221,1
222,1
223,1
224,1
225,0
226,1
227,1
228,1
229,1
232,1
233,1
234,1
235,1
236,0
237,1
238,1
239,1
240,1
241,1
242,1
243,1
244,1
245,1
246,1
247,1
248,1
249,1
250,1
251,1
252,1
254,1
255,1
256,1
257,0
258,1
259,1
260,1
261,1
262,1
263,1
264,1
265,1
266,1
267,0
268,1
270,1
271,0
272,1
273,0
274,1
275,0
276,1
277,0
278,1
279,0
280,1
281,1
282,1
283,1
284,1
285,0
286,1
288,0
289,1
290,0
291,1
292,1
293,1
294,1
295,1
296,1
297,0
298,1
299,1
300,1
301,1
302,1
303,1
305,1
306,1
307,1
308,1
309,1
310,1
311,1
312,0
313,1
314,1
315,1
317,1
320,1
321,0
322,0
323,0
324,0
325,0
328,0
329,0
330,0
331,0
332,0
333,1
334,0
335,0
336,1
337,1
338,0
339,1
340,0
341,0
343,1
344,1
345,1
347,0
350,1
351,0
352,0
353,0
354,1
355,1
356,1
357,0
358,1
359,1
360,0
361,1
362,0
364,0
365,0
366,0
367,0
368,0
369,0
370,0
371,0
372,0
373,0
374,0
375,1
376,1
377,1
378,1
379,1
380,1
381,1
382,1
383,1
384,0
385,1
386,0
387,0
388,0
389,0
390,0
391,1
392,0
393,1
394,0
395,1
396,1
397,1
398,0
399,0
400,0
401,0
402,0
403,1
404,1
406,0
408,1
410,1
411,1
412,1
413,1
414,1
415,0
416,0
417,1
418,0
419,1
420,1
421,1
422,1
423,0
424,0
425,0
426,0
427,0
428,0
429,1
430,0
431,1
432,1
433,1
434,1
436,0
437,1
438,1
439,1
440,1
441,0
442,1
443,0
444,0
445,0
446,0
447,1
448,0
449,0
450,1
451,0
452,0
453,0
454,0
455,1
457,1
459,0
460,0
461,0
462,0
463,0
465,0
466,0
467,1
468,1
470,1
471,1
472,0
473,0
474,0
475,0
476,1
477,1
478,1
480,0
481,1
482,1
483,0
484,1
485,1
487,1
488,1
490,0
491,1
492,0
493,0
494,0
495,0
496,1
497,1
498,1
499,1
501,1
502,1
503,0
504,0
505,1
506,0
507,1
508,0
509,1
510,0
511,0
512,0
513,0
514,0
515,1
516,1
517,0
518,1
519,1
520,1
521,1
522,1
523,1
524,0
525,1
526,0
527,0
528,0
529,0
530,1
531,1
532,1
533,1
534,0
535,1
536,0
538,1
539,0
540,1
541,0
542,1
543,1
544,0
545,0
546,0
547,0
548,1
549,1
550,0
552,1
553,1
554,1
555,1
556,1
557,0
558,1
559,1
560,1
561,1
562,1
563,0
564,1
566,1
567,1
568,1
569,0
570,1
571,0
572,0
573,1
574,0
575,0
576,1
577,1
578,0
579,1
580,0
581,0
583,0
584,0
585,1
586,1
587,1
588,1
589,1
590,1
591,0
592,0
593,1
594,0
595,1
596,1
597,0
598,1
599,1
600,0
601,0
602,0
603,0
604,0
605,1
606,1
607,1
608,1
609,1
610,1
611,1
612,1
613,0
614,0
615,1
616,1
617,1
618,1
619,0
620,1
623,0
624,1
625,1
626,1
627,1
628,1
629,1
630,1
631,0
632,1
633,0
634,0
636,0
637,0
638,0
639,0
640,0
641,0
642,1
643,0
644,1
645,1
646,1
647,0
648,1
649,1
650,1
651,0
652,1
653,1
654,0
655,1
656,0
657,0
658,0
659,0
660,0
661,0
662,0
663,0
664,1
665,1
666,1
667,1
669,1
670,1
671,1
672,1
673,1
674,1
677,1
678,1
679,1
680,1
681,1
682,1
683,1
684,1
685,1
686,1
687,1
688,1
689,1
690,1
691,1
692,1
693,1
695,1
697,0
698,1
699,0
700,1
701,1
702,1
703,1
704,1
705,1
706,1
707,1
708,1
709,0
710,1
711,1
712,1
713,1
714,1
715,1
717,0
718,0
719,0
720,0
722,1
723,1
724,1
725,1
726,0
727,1
728,1
729,1
730,1
731,0
732,0
733,1
734,1
735,1
736,1
737,0
738,0
739,1
740,0
742,0
743,1
745,1
747,1
748,0
749,1
750,1
751,0
752,0
753,0
754,0
755,1
756,1
757,1
758,1
759,1
760,1
761,1
762,1
763,1
764,0
765,0
766,0
767,1
768,0
769,0
770,1
771,0
772,0
773,1
774,0
775,0
776,1
777,0
778,1
779,0
780,0
781,0
782,1
783,1
784,1
785,0
786,0
787,1
788,0
789,1
790,0
791,0
792,0
793,0
794,1
795,0
796,0
797,0
798,1
799,0
800,1
801,0
802,1
803,1
804,0
805,1
806,0
808,0
810,1
811,0
813,1
814,0
815,0
816,0
817,1
818,0
819,0
820,1
823,0
824,0
825,0
826,0
827,1
828,1
829,1
831,0
832,1
833,1
834,1
835,0
836,0
837,1
838,0
839,0
840,0
841,0
842,0
844,0
845,0
847,1
848,1
849,1
850,1
851,1
852,1
853,0
854,1
855,1
856,1
857,1
858,1
859,0
860,1
861,1
862,1
863,1
865,1
868,1
869,0
870,1
871,1
872,1
873,1
874,1
875,1
876,1
877,1
880,1
881,1
883,0
884,0
885,1
886,1
887,0
888,1
889,0
890,1
891,1
892,1
893,1
894,0
895,1
896,1
897,1
898,0
899,1
900,1
901,1
902,1
903,1
904,1
905,1
906,0
907,1
908,1
909,1
910,0
911,1
912,0
913,1
914,1
915,0
916,1
917,0
918,0
919,0
920,0
921,1
922,0
923,0
924,0
925,0
926,1
927,1
928,1
929,1
930,1
931,1
932,1
933,1
934,1
935,0
936,0
937,0
938,1
939,0
940,0
941,0
942,0
943,0
944,0
945,0
946,0
947,0
948,1
949,1
950,1
951,0
952,0
953,1
954,0
955,0
957,0
958,0
959,0
960,1
961,0
962,0
963,0
964,1
965,1
966,0
967,0
968,0
969,1
972,1
973,1
974,0
977,1
978,1
979,1
980,0
981,0
982,0
983,0
984,0
985,0
986,1
987,1
988,1
989,1
990,1
991,1
992,1
993,1
994,1
996,1
997,1
998,1
999,1
1000,1
1001,1
1002,1
1003,1
1004,0
1005,0
1006,1
1007,1
1008,1
1009,1
1011,1
1012,1
1013,1
1014,0
1015,0
1016,0
1017,1
1018,1
1019,1
1020,1
1021,1
1022,1
1023,1
1024,0
1025,1
1026,0
1027,1
1028,1
1029,1
1030,1
1031,1
1032,1
1033,0
1034,1
1035,1
1036,1
1037,1
1038,1
1039,1
1040,1
1041,1
1042,0
1043,1
1044,1
1045,1
1046,0
1047,0
1048,0
1050,0
1051,0
1052,0
1053,1
1054,1
1055,0
1056,1
1057,1
1058,1
1059,1
1060,1
1061,1
1062,0
1063,0
1064,1
1065,1
1066,1
1068,1
1069,1
1070,1
1071,1
1072,1
1073,0
1074,1
1075,1
1077,1
1079,1
1081,1
1083,0
1084,1
1085,0
1086,1
1087,0
1088,0
1089,1
1090,1
1091,0
1092,0
1093,1
1094,1
1095,1
1096,1
1097,1
1098,1
1099,1
1100,1
1102,1
1103,0
1104,1
1105,1
1106,0
1107,1
1108,1
1109,1
1110,1
1111,0
1112,1
1113,1
1114,0
1115,1
1116,1
1118,1
1119,1
1120,1
1123,0
1124,0
1126,1
1128,1
1129,0
1130,1
1131,0
1132,0
1133,0
1134,1
1135,1
1137,1
1138,1
1139,0
1140,1
1141,0
1142,1
1143,1
1144,0
1145,1
1146,1
1147,0
1148,1
1149,1
1150,1
1151,1
1152,1
1153,1
1155,0
1156,1
1157,1
1158,1
1160,1
1161,1
1163,1
1164,1
1165,0
1166,0
1167,1
1168,1
1169,1
1170,1
1171,1
1172,1
1173,1
1175,1
1176,0
1177,0
1178,1
1179,1
1180,0
1181,1
1183,1
1184,1
1185,1
1186,1
1187,1
1188,1
1189,0
1190,0
1191,1
1192,1
1193,0
1194,1
1195,1
1197,1
1198,1
1199,1
1200,1
1202,0
1203,0
1205,1
1206,0
1207,0
1208,0
1209,0
1211,1
1212,1
1213,1
1214,1
1215,0
1216,1
1217,1
1219,1
1220,1
1222,1
1223,1
1225,0
1226,0
1229,0
1230,0
1231,1
1232,1
1233,1
1234,1
1235,1
1236,1
1237,1
1238,1
1239,1
1240,1
1241,1
1243,0
1245,1
1246,0
1247,1
1248,0
1249,1
1250,0
1251,1
1252,1
1253,1
1255,0
1256,0
1259,1
1261,1
1262,0
1263,1
1264,0
1265,1
1266,1
1267,1
1268,1
1270,1
1271,1
1272,1
1273,1
1274,1
1275,1
1276,1
1277,0
1278,0
1279,0
1280,1
1281,1
1282,0
1283,1
1285,1
1286,0
1287,1
1288,0
1289,1
1290,1
1292,1
1293,0
1294,0
1295,0
1296,0
1297,0
1299,1
1300,1
1301,1
1303,1
1304,1
1305,1
1306,1
1307,1
1308,1
1309,1
1310,1
1312,1
1313,0
1314,0
1316,0
1318,1
1319,0
1320,0
1321,1
1322,1
1323,0
1324,1
1325,1
1327,1
1328,1
1329,1
1330,1
1331,0
1332,1
1333,1
1334,1
1335,0
1337,1
1338,0
1339,0
1340,0
1341,1
1342,1
1343,1
1344,1
1345,1
1346,1
1347,1
1348,1
1349,1
1350,1
1351,1
1352,1
1353,1
1354,1
1355,0
1356,1
1357,1
1358,1
1359,1
1360,1
1361,1
1362,1
1364,0
1366,1
1367,1
1368,1
1369,1
1371,1
1372,1
1373,1
1374,1
1375,1
1376,1
1377,1
1378,1
1379,1
1380,1
1381,1
1382,1
1383,1
1384,1
1385,1
1386,1
1387,1
1388,1
1389,1
1390,1
1391,1
1392,1
1393,1
1394,1
1395,1
1396,0
1397,1
1398,1
1399,1
1400,1
1401,1
1402,1
1403,1
1405,1
1406,0
1407,1
1409,1
1410,1
1411,1
1412,1
1413,1
1414,1
1415,1
1416,1
1417,1
1418,0
1419,1
1420,1
1422,1
1423,1
1424,1
1425,1
1426,1
1427,1
1428,1
1429,1
1430,1
1431,1
1432,1
1433,1
1434,1
1435,1
1436,1
1437,1
1438,1
1439,1
1440,1
1441,1
1442,1
1443,1
1444,1
1445,1
1446,1
1447,1
1448,1
1449,1
1450,1
1451,1
1452,1
1453,1
1455,1
1456,1
1457,1
1458,1
1459,1
1460,1
1461,1
1462,1
1463,0
1464,1
1465,1
1466,1
1467,1
1468,1
1469,1
1470,1
1472,1
1473,1
1474,1
1475,1
1476,1
1477,1
1478,1
1479,1
1480,1
1481,1
1482,1
1483,1
1484,1
1485,1
1486,1
1487,1
1488,1
1489,1
1490,1
1491,1
1492,1
1493,1
1494,1
1495,1
1497,1
1498,1
1499,1
1500,1
1501,1
1503,1
1504,1
1505,1
1506,1
1507,1
1508,1
1510,1
1511,1
1512,1
1513,1
1514,1
1516,1
1517,1
1518,1
1519,0
1520,1
1521,1
1522,0
1523,1
1524,1
1525,0
1526,1
1527,1
1528,1
1529,1
1530,1
1532,0
1533,1
1534,1
1536,1
1537,1
1538,1
1539,1
1540,1
1541,1
1542,1
1543,1
1544,1
1545,1
1546,1
1547,0
1548,1
1550,1
1551,1
1552,1
1554,0
1555,1
1556,1
1557,1
1558,1
1559,1
1560,1
1561,1
1563,1
1564,1
1565,1
1566,1
1567,1
1568,1
1569,0
1570,1
1571,0
1572,0
1573,1
1574,1
1575,1
1576,1
1577,1
1578,1
1580,1
1582,0
1583,1
1584,1
1585,1
1586,1
1587,1
1588,1
1589,1
1590,1
1592,1
1593,1
1594,1
1595,1
1596,1
1597,1
1598,1
1599,1
1600,1
1601,1
1604,0
1605,1
1606,1
1607,1
1608,1
1609,1
1610,1
1611,1
1612,1
1613,1
1614,1
1615,0
1616,0
1617,1
1618,1
1619,1
1620,1
1621,0
1622,1
1623,0
1624,1
1627,0
1628,1
1629,1
1630,1
1631,1
1632,0
1633,1
1634,1
1635,0
1637,1
1638,1
1639,1
1640,1
1641,1
1644,1
1645,1
1647,1
1648,1
1649,1
1650,1
1651,1
1652,1
1653,1
1654,1
1655,1
1656,1
1657,1
1658,1
1659,1
1660,1
1661,1
1662,1
1663,1
1665,1
1666,1
1667,1
1668,1
1669,0
1670,1
1671,1
1672,1
1674,1
1675,1
1676,1
1677,1
1678,1
1679,1
1680,1
1681,1
1683,1
1684,1
1685,1
1686,1
1687,1
1688,1
1689,1
1690,1
1691,0
1692,1
1694,1
1695,1
1696,1
1697,1
1698,1
1699,1
1700,1
1701,1
1702,1
1703,1
1704,0
1705,1
1707,1
1708,1
1709,0
1710,1
1711,1
1712,1
1713,1
1714,1
1715,1
1716,1
1717,1
1718,1
1719,1
1720,1
1721,1
1722,1
1723,1
1724,1
1725,1
1726,0
1727,1
1729,1
1730,1
1731,1
1732,1
1733,1
1734,1
1735,1
1736,1
1737,1
1738,1
1739,1
1740,1
1744,1
1745,1
1746,1
1747,1
1748,1
1749,1
1750,1
1751,1
1752,0
1753,1
1754,1
1755,1
1756,1
1757,1
1758,1
1759,1
1760,1
1761,1
1762,1
1763,1
1764,1
1765,1
1766,1
1767,1
1768,1
1769,1
1770,1
1771,1
1772,1
1775,0
1777,1
1778,1
1779,0
1780,0
1781,1
1782,1
1783,1
1785,0
1786,1
1787,0
1788,0
1789,1
1790,1
1792,1
1793,1
1795,1
1796,1
1797,1
1798,1
1799,1
1800,1
1801,1
1802,1
1803,1
1804,1
1805,1
1807,1
1808,1
1809,1
1810,1
1812,1
1813,1
1814,1
1815,1
1816,0
1817,1
1818,0
1819,1
1820,1
1821,1
1822,0
1823,1
1825,1
1828,1
1829,1
1830,1
1831,1
1833,1
1834,1
1835,1
1836,1
1837,1
1838,1
1839,1
1840,1
1841,1
1842,1
1843,1
1844,1
1845,1
1847,1
1848,1
1849,1
1850,1
1851,1
1852,1
1853,1
1854,0
1855,1
1856,1
1857,1
1858,1
1859,1
1860,1
1861,1
1862,1
1864,1
1865,1
1866,1
1867,1
1868,0
1869,0
1870,1
1871,1
1872,1
1873,1
1874,1
1875,1
1876,1
1877,1
1878,0
1879,1
1880,1
1882,1
1883,1
1885,1
1886,1
1887,1
1888,1
1892,1
1893,1
1894,1
1896,1
1897,1
1898,1
1899,1
1901,1
1902,1
1903,1
1904,0
1905,1
1906,0
1907,1
1908,0
1909,1
1910,1
1911,1
1912,1
1913,1
1914,1
1915,1
1916,1
1917,1
1918,1
1919,1
1921,0
1922,1
1924,1
1925,1
1926,1
1927,1
1928,1
1929,1
1930,1
1931,1
1932,1
1933,1
1936,1
1937,1
1938,1
1939,1
1940,1
1941,1
1942,1
1943,1
1944,1
1945,1
1946,1
1947,1
1948,1
1949,1
1950,1
1951,1
1952,1
1953,1
1954,1
1955,1
1956,1
1958,1
1959,1
1960,1
1962,1
1963,1
1964,1
1965,1
1966,1
1967,1
1970,0
1971,1
1972,1
1973,1
1974,1
1975,1
1976,1
1977,1
1978,1
1979,1
1980,1
1981,1
1983,1
1984,0
1985,0
1986,1
1989,1
1990,1
1991,0
1992,0
1993,1
1994,1
1995,1
1996,1
1997,1
1998,0
1999,1
2000,0
2001,1
2002,0
2003,1
2004,1
2005,1
2007,1
2008,0
2009,1
2010,0
2011,1
2013,1
2015,1
2020,1
2021,1
2022,1
2023,1
2024,1
2025,1
2026,1
2027,1
2028,1
2029,1
2030,0
2031,1
2032,1
2033,0
2034,0
2035,0
2036,1
2037,1
2038,0
2039,0
2040,0
2041,1
2042,1
2043,1
2044,1
2045,1
2046,1
2047,1
2048,1
2049,0
2050,0
2051,0
2052,1
2056,1
2057,0
2058,1
2059,1
2060,1
2062,1
2063,1
2064,1
2065,0
2066,1
2067,1
2068,1
2069,0
2070,0
2071,0
2072,0
2073,0
2076,0
2077,1
2078,1
2079,1
2080,1
2081,1
2082,0
2083,1
2084,0
2085,0
2086,1
2087,1
2088,0
2089,1
2090,1
2091,1
2092,1
2093,1
2094,1
2095,1
2096,1
2097,0
2098,0
2100,0
2101,1
2102,0
2103,0
2104,1
2105,1
2106,1
2108,1
2109,1
2110,0
2111,0
2112,1
2113,1
2114,1
2115,1
2116,1
2119,1
2120,0
2121,1
2122,0
2123,0
2124,1
2125,1
2126,1
2128,1
2129,0
2131,1
2132,1
2133,0
2135,1
2136,0
2137,1
2138,1
2139,1
2140,0
2141,0
2143,0
2144,0
2145,1
2146,1
2147,0
2148,1
2149,0
2151,1
2152,1
2153,1
2154,1
2155,1
2156,1
2157,1
2158,0
2159,1
2160,1
2161,0
2162,1
2163,1
2164,1
2165,1
2166,1
2167,1
2169,1
2170,0
2171,1
2172,1
2173,1
2174,1
2175,1
2176,1
2177,1
2178,1
2180,0
2181,0
2182,1
2184,1
2185,1
2186,1
2188,1
2189,0
2190,0
2191,0
2192,1
2193,1
2194,1
2195,1
2196,1
2197,0
2198,1
2201,0
2203,0
2204,0
2205,1
2207,0
2208,0
2209,0
2210,1
2211,1
2212,1
2214,1
2215,1
2216,1
2217,0
2218,0
2220,1
2221,0
2223,0
2225,1
2226,0
2227,1
2228,1
2229,1
2230,1
2231,1
2233,1
2234,1
2235,0
2236,1
2237,1
2239,1
2240,0
2242,1
2243,0
2244,0
2245,0
2246,1
2247,1
2248,1
2249,0
2250,0
2251,1
2252,1
2253,1
2254,0
2255,0
2256,1
2257,1
2258,1
2259,1
2260,0
2261,1
2262,1
2263,0
2264,1
2265,0
2266,1
2267,0
2268,1
2269,1
2270,1
2271,1
2272,0
2273,1
2274,1
2275,1
2276,0
2277,1
2279,1
2280,0
2281,1
2282,1
2283,1
2284,1
2285,1
2287,0
2289,1
2290,1
2291,1
2292,1
2294,0
2295,0
2296,1
2297,0
2300,1
2301,1
2302,1
2303,1
2304,0
2305,1
2306,1
2308,0
2309,1
2310,1
2311,1
2312,1
2313,0
2314,1
2315,0
2316,1
2317,1
2320,1
2321,1
2322,1
2323,0
2324,0
2325,1
2326,1
2327,1
2328,0
2329,1
2330,1
2331,1
2332,1
2333,1
2334,0
2336,0
2337,0
2338,0
2339,0
2340,1
2341,0
2342,1
2343,1
2344,1
2346,0
2348,1
2349,1
2350,1
2352,1
2353,1
2354,1
2355,1
2356,1
2357,1
2358,0
2360,1
2361,0
2362,0
2363,1
2365,1
2368,0
2369,0
2370,0
2371,1
2372,0
2373,0
2374,1
2375,1
2376,1
2377,0
2378,0
2379,0
2381,0
2382,0
2383,0
2385,1
2386,1
2388,1
2389,1
2390,0
2393,1
2395,0
2396,1
2397,1
2398,1
2399,1
2400,1
2401,1
2402,0
2404,1
2405,1
2407,0
2409,1
2410,1
2412,1
2413,0
2414,1
2415,1
2416,1
2417,1
2418,1
2419,1
2420,1
2421,0
2422,1
2423,1
2424,0
2425,0
2426,1
2427,1
2428,1
2429,1
2431,1
2433,1
2434,1
2435,0
2436,1
2438,1
2439,1
2440,1
2441,0
2442,0
2444,0
2445,0
2446,1
2447,1
2448,0
2450,1
2451,1
2452,0
2453,1
2454,1
2455,1
2456,1
2457,1
2458,1
2459,1
2460,1
2461,1
2462,0
2463,0
2464,1
2465,1
2466,1
2467,0
2468,0
2470,0
2471,1
2474,0
2475,1
2476,1
2477,0
2478,0
2479,0
2480,0
2481,1
2482,1
2483,0
2484,1
2486,1
2487,1
2488,1
2489,1
2490,1
2492,0
2493,0
2494,1
2496,0
2497,1
2498,1
2499,0
2500,1
2501,1
2502,0
2503,1
2504,0
2505,0
2506,0
2507,0
2508,0
2509,1
2510,0
2511,0
2512,1
2513,1
2514,1
2515,0
2517,1
2518,1
2519,1
2520,1
2521,1
2522,1
2523,1
2525,0
2526,1
2527,1
2528,0
2529,1
2530,0
2531,0
2532,1
2534,0
2536,1
2537,1
2538,0
2539,0
2540,0
2541,1
2543,0
2544,0
2545,1
2546,1
2548,1
2549,0
2550,0
2551,1
2552,0
2553,0
2555,0
2556,0
2557,1
2558,1
2559,0
2560,0
2561,1
2562,1
2563,1
2564,0
2565,0
2566,0
2567,0
2568,1
2569,0
2570,1
2571,1
2574,1
2575,1
2576,0
2577,1
2579,1
2580,0
2581,1
2582,1
2583,1
2584,0
2585,1
2586,1
2587,1
2588,1
2589,0
2590,0
2591,0
2592,1
2593,0
2594,1
2596,0
2597,1
2598,1
2599,1
2601,1
2602,0
2603,0
2604,1
2605,1
2607,1
2608,1
2609,1
2611,0
2612,0
2613,1
2614,1
2615,1
2616,1
2617,1
2621,1
2622,1
2623,1
2624,1
2626,1
2627,1
2628,1
2629,1
2630,1
2631,0
2632,0
2633,1
2636,0
2637,1
2638,1
2640,0
2642,1
2643,0
2644,1
2645,1
2646,1
2647,1
2648,1
2649,1
2650,1
2651,0
2652,0
2653,0
2654,1
2655,0
2656,0
2657,0
2659,1
2660,1
2661,0
2663,0
2664,0
2665,1
2666,1
2669,1
2670,1
2671,1
2672,1
2673,1
2675,1
2676,0
2677,1
2678,0
2680,1
2681,1
2682,1
2684,1
2685,1
2686,0
2687,1
2688,1
2689,1
2690,1
2691,0
2692,0
2693,1
2694,1
2695,1
2696,1
2697,1
2698,0
2699,1
2700,0
2701,1
2703,0
2704,1
2705,1
2706,1
2707,1
2708,0
2709,0
2710,1
2711,1
2712,1
2713,1
2714,1
2715,1
2716,1
2717,1
2718,1
2719,1
2720,0
2721,0
2722,1
2723,1
2724,0
2725,1
2726,1
2727,1
2728,0
2729,1
2731,1
2732,0
2733,1
2734,1
2735,1
2736,1
2737,1
2738,1
2740,1
2741,0
2742,0
2744,1
2745,0
2748,0
2749,1
2750,1
2751,1
2754,1
2755,1
2756,1
2758,0
2759,1
2761,0
2762,0
2763,0
2764,1
2765,1
2767,1
2768,0
2770,0
2772,1
2774,1
2775,1
2776,0
2777,1
2778,0
2779,1
2780,0
2781,0
2782,0
2783,0
2784,0
2785,1
2786,1
2787,1
2788,0
2790,1
2791,1
2794,1
2795,1
2797,0
2798,0
2799,0
2800,1
2801,1
2802,0
2803,1
2804,0
2805,1
2806,1
2807,1
2812,1
2813,0
2814,1
2815,0
2816,1
2818,1
2819,0
2820,1
2821,1
2822,1
2823,1
2824,0
2825,1
2826,0
2828,0
2829,0
2830,1
2831,1
2832,1
2834,0
2835,1
2836,1
2837,1
2839,1
2840,1
2841,0
2842,0
2843,0
2844,1
2845,1
2848,0
2851,1
2852,1
2853,0
2854,1
2855,0
2856,0
2857,1
2858,1
2859,1
2860,1
2861,0
2862,1
2863,1
2864,1
2865,1
2866,0
2868,1
2869,1
2870,0
2871,1
2872,1
2873,1
2874,0
2875,0
2877,1
2878,1
2880,1
2881,0
2882,1
2883,1
2884,1
2885,1
2886,0
2887,1
2888,1
2889,1
2890,1
2891,1
2892,1
2893,1
2894,0
2896,1
2897,1
2898,0
2899,1
2900,1
2901,1
2902,0
2903,1
2904,1
2905,1
2907,0
2908,0
2910,0
2911,1
2912,1
2913,0
2914,1
2915,0
2918,0
2919,1
2920,1
2922,0
2923,1
2924,0
2925,1
2926,1
2929,1
2930,1
2931,0
2932,1
2933,1
2935,1
2936,0
2937,1
2940,0
2941,0
2943,1
2944,1
2945,1
2946,1
2947,1
2949,1
2950,0
2951,1
2953,1
2954,0
2955,1
2956,1
2957,0
2958,1
2959,0
2960,0
2961,1
2962,1
2963,0
2964,1
2965,0
2967,1
2968,1
2970,1
2971,0
2972,0
2973,1
2974,1
2975,1
2976,1
2977,0
2979,0
2980,1
2981,0
2982,1
2983,1
2984,1
2988,0
2989,0
2990,1
2991,1
2993,1
2994,1
2995,0
2996,1
2997,0
2998,1
2999,0
3000,1
3001,0
3002,1
3004,1
3005,0
3006,1
3007,0
3008,1
3009,1
3010,1
3011,1
3012,1
3014,1
3016,1
3017,1
3018,0
3020,1
3021,1
3022,1
3023,1
3024,1
3026,0
3028,1
3029,1
3030,1
3031,0
3032,1
3033,1
3034,0
3035,0
3036,1
3037,0
3038,1
3039,1
3040,1
3041,0
3042,1
3043,1
3045,1
3046,1
3047,1
3048,1
3050,1
3051,1
3052,1
3053,1
3055,1
3056,1
3057,1
3058,1
3059,0
3060,1
3061,0
3062,1
3063,1
3064,1
3065,1
3066,1
3068,1
3069,1
3070,1
3071,1
3072,1
3073,1
3074,1
3075,1
3076,1
3077,1
3078,0
3079,1
3080,0
3081,0
3082,0
3083,1
3084,0
3085,1
3086,1
3087,1
3088,1
3089,1
3090,0
3091,1
3092,1
3093,0
3094,1
3095,1
3096,1
3097,1
3098,1
3099,1
3102,0
3104,1
3105,1
3106,1
3107,1
3108,0
3109,1
3110,0
3111,1
3112,0
3113,1
3114,1
3115,1
3116,1
3117,1
3118,1
3119,1
3120,1
3121,1
3122,1
3123,1
3124,1
3126,1
3127,1
3128,0
3129,0
3130,1
3132,1
3133,1
3134,1
3135,1
3136,1
3138,0
3139,0
3140,1
3141,1
3142,0
3144,1
3145,1
3146,1
3147,1
3148,1
3150,1
3151,1
3152,1
3153,0
3154,1
3155,1
3156,1
3157,1
3158,1
3159,1
3160,1
3161,1
3162,1
3163,0
3164,1
3165,0
3166,1
3167,1
3168,1
3169,1
3170,1
3171,0
3172,1
3173,1
3174,0
3175,1
3176,1
3177,1
3179,0
3180,1
3181,1
3182,0
3183,1
3184,1
3186,1
3187,0
3188,1
3189,1
3190,1
3191,1
3192,1
3193,1
3194,0
3195,0
3196,0
3198,1
3199,0
3200,0
3201,1
3202,1
3204,1
3205,1
3206,1
3207,0
3209,0
3210,1
3211,1
3212,0
3213,1
3214,1
3215,0
3216,1
3217,0
3218,0
3219,1
3220,0
3222,1
3223,1
3224,1
3225,1
3226,0
3228,1
3229,1
3230,1
3231,0
3232,1
3234,1
3235,0
3236,1
3237,1
3238,1
3239,0
3240,1
3241,1
3242,0
3243,1
3245,0
3246,1
3247,1
3249,1
3250,1
3251,0
3252,1
3253,1
3254,1
3255,1
3256,1
3257,0
3258,1
3259,1
3260,1
3261,0
3262,0
3264,0
3265,0
3266,0
3267,1
3268,1
3270,0
3271,0
3272,1
3273,1
3274,1
3276,1
3277,1
3278,1
3279,1
3280,1
3282,1
3283,0
3284,1
3285,1
3286,1
3287,0
3288,1
3289,1
3290,1
3291,1
3292,1
3293,0
3294,0
3296,1
3297,1
3299,0
3300,0
3301,1
3302,1
3303,1
3304,0
3305,0
3306,0
3307,1
3308,1
3309,1
3310,1
3311,1
3313,0
3314,0
3315,1
3316,1
3317,1
3320,1
3321,1
3322,1
3323,1
3324,0
3325,0
3326,1
3327,1
3328,1
3329,1
3330,0
3331,0
3332,1
3333,1
3334,1
3335,1
3336,1
3337,0
3338,0
3340,1
3341,1
3343,1
3344,1
3345,1
3346,1
3347,1
3348,0
3349,1
3350,1
3351,1
3352,1
3353,1
3354,0
3355,1
3356,1
3357,1
3358,1
3359,1
3361,1
3363,0
3364,0
3365,1
3367,0
3369,1
3370,1
3371,1
3372,0
3373,0
3374,0
3375,0
3377,0
3379,1
3380,1
3381,1
3382,1
3383,0
3384,0
3385,1
3389,1
3390,0
3393,1
3394,1
3395,1
3397,1
3398,0
3400,1
3401,1
3402,0
3403,1
3404,0
3405,1
3406,1
3407,1
3408,0
3409,1
3410,1
3411,1
3412,1
3414,0
3415,1
3416,1
3417,1
3418,0
3419,1
3420,1
3421,1
3422,1
3423,1
3424,1
3426,1
3427,1
3428,1
3429,1
3430,1
3431,0
3432,1
3433,1
3437,0
3438,0
3439,0
3440,1
3441,0
3443,1
3444,1
3445,0
3447,1
3448,1
3449,0
3450,1
3451,1
3452,1
3453,0
3454,1
3456,0
3457,1
3458,1
3459,1
3460,1
3461,1
3462,1
3464,1
3465,0
3466,1
3467,1
3468,1
3469,0
3470,1
3471,1
3472,0
3473,1
3474,1
3475,0
3476,1
3477,0
3478,0
3479,1
3480,1
3481,1
3482,1
3483,0
3484,1
3485,0
3486,0
3487,1
3488,1
3489,0
3490,0
3491,1
3492,1
3493,1
3494,1
3495,1
3496,1
3497,1
3498,1
3500,0
3501,1
3502,1
3503,1
3504,1
3506,1
3507,1
3508,1
3509,1
3510,1
3512,1
3513,0
3514,0
3515,1
3517,0
3519,1
3520,1
3521,1
3522,0
3523,1
3524,1
3525,1
3526,1
3527,1
3529,0
3530,0
3531,0
3532,0
3533,1
3535,0
3536,1
3537,1
3538,1
3539,0
3540,1
3541,1
3542,1
3543,1
3544,1
3546,0
3548,1
3549,1
3550,1
3551,0
3552,1
3553,0
3554,1
3555,1
3557,0
3558,0
3559,1
3560,0
3561,1
3562,1
3563,1
3564,1
3565,1
3566,0
3567,0
3568,1
3569,0
3570,1
3571,1
3572,1
3573,0
3574,1
3575,1
3576,1
3577,1
3578,1
3579,0
3580,1
3581,1
3582,1
3583,1
3584,1
3585,1
3588,1
3589,1
3591,1
3592,0
3593,1
3594,1
3595,1
3596,0
3597,1
3598,1
3599,1
3600,1
3601,1
3603,1
3604,1
3605,1
3606,1
3607,1
3608,1
3609,0
3610,1
3611,1
3612,0
3613,1
3614,1
3615,1
3616,1
3617,1
3618,1
3620,0
3621,1
3622,0
3623,1
3625,0
3626,1
3627,1
3628,1
3629,1
3630,0
3631,0
3632,0
3633,0
3634,0
3635,0
3636,0
3637,0
3638,1
3639,0
3640,1
3641,0
3644,0
3646,1
3647,1
3648,1
3649,0
3650,0
3651,1
3652,0
3653,0
3654,0
3655,0
3656,0
3657,1
3658,0
3659,0
3660,0
3661,0
3663,0
3664,1
3666,1
3667,1
3669,0
3670,0
3671,0
3672,0
3673,0
3676,1
3677,0
3678,0
3679,0
3680,0
3681,1
3682,0
3683,0
3684,1
3685,0
3686,1
3687,0
3688,0
3690,0
3691,0
3692,1
3693,1
3694,0
3695,0
3696,0
3697,0
3698,1
3699,0
3700,1
3701,1
3702,0
3703,0
3704,0
3706,0
3707,0
3708,1
3709,1
3710,0
3711,0
3712,0
3714,1
3715,1
3716,0
3717,0
3720,0
3721,1
3723,0
3724,0
3725,0
3726,0
3727,1
3729,1
3730,1
3731,1
3732,0
3733,0
3734,0
3736,0
3737,0
3739,0
3740,0
3743,1
3744,0
3745,0
3746,0
3747,1
3748,0
3749,0
3750,0
3751,0
3752,0
3753,0
3754,1
3755,1
3756,0
3757,0
3759,1
3760,0
3762,1
3763,1
3764,0
3765,1
3766,1
3768,0
3769,0
3771,0
3772,0
3774,0
3775,0
3776,0
3777,0
3778,0
3779,0
3780,0
3781,0
3782,0
3783,0
3784,0
3785,0
3786,0
3787,0
3788,0
3789,1
3790,0
3791,1
3792,0
3793,1
3794,0
3795,1
3796,0
3797,0
3798,0
3799,0
3800,0
3801,1
3802,0
3803,0
3805,1
3806,0
3808,0
3809,1
3810,1
3811,0
3812,1
3813,1
3815,0
3816,1
3817,1
3818,1
3819,0
3820,0
3821,0
3822,0
3824,0
3825,0
3827,0
3828,0
3829,0
3830,0
3831,0
3833,0
3834,1
3835,0
3838,1
3840,1
3841,0
3843,0
3844,0
3848,0
3849,0
3850,1
3851,0
3852,0
3853,0
3855,0
3856,1
3857,0
3859,0
3860,0
3861,0
3862,0
3863,0
3864,0
3865,0
3866,0
3867,1
3868,1
3870,0
3871,0
3872,0
3873,0
3874,0
3875,0
3877,0
3879,0
3880,0
3884,0
3887,0
3888,0
3889,1
3890,0
3891,0
3892,0
3893,0
3894,0
3896,1
3897,0
3898,0
3899,0
3901,0
3902,1
3904,0
3905,0
3906,1
3907,0
3909,0
3910,0
3911,0
3912,0
3913,0
3915,0
3916,0
3917,1
3918,1
3919,0
3920,1
3922,0
3923,1
3925,0
3928,0
3930,0
3932,0
3933,1
3934,0
3935,0
3936,0
3937,0
3938,0
3939,1
3941,0
3942,0
3944,1
3946,0
3947,0
3948,0
3949,0
3950,1
3953,0
3955,0
3956,0
3957,0
3958,1
3960,0
3961,1
3962,1
3963,1
3964,0
3966,0
3968,0
3969,0
3970,0
3972,0
3973,0
3974,0
3975,0
3976,0
3977,1
3978,1
3979,0
3980,1
3983,1
3984,0
3985,0
3986,0
3987,1
3988,1
3989,1
3990,0
3992,0
3993,0
3996,0
3998,0
3999,0
4000,0
4001,0
4003,0
4004,0
4005,1
4008,0
4009,0
4011,0
4012,0
4013,1
4014,0
4015,1
4016,1
4018,0
4019,1
4020,1
4022,0
4023,1
4025,0
4026,1
4027,0
4028,0
4029,0
4030,0
4031,0
4033,1
4034,0
4035,0
4036,0
4037,0
4038,0
4039,0
4040,0
4042,0
4043,1
4045,0
4046,0
4047,0
4048,0
4050,0
4052,1
4053,1
4054,1
4055,1
4057,0
4059,0
4060,0
4061,0
4062,0
4063,0
4065,1
4066,1
4067,1
4068,1
4069,0
4070,0
4071,0
4072,0
4073,0
4074,0
4078,1
4079,0
4080,1
4081,1
4082,0
4083,0
4085,0
4086,1
4087,0
4090,0
4092,0
4093,1
4096,0
4098,0
4100,0
4101,0
4102,1
4103,1
4104,1
4105,0
4106,0
4107,0
4109,0
4110,1
4111,1
4112,0
4115,0
4117,0
4118,0
4119,0
4122,1
4123,1
4125,0
4126,0
4127,1
4128,0
4129,0
4130,0
4131,0
4133,0
4134,0
4135,0
4138,1
4139,0
4141,1
4142,0
4143,0
4144,1
4145,0
4146,0
4148,1
4149,0
4150,1
4151,1
4152,1
4154,0
4155,1
4156,0
4157,1
4158,0
4159,0
4160,0
4163,0
4165,0
4166,0
4167,1
4168,0
4169,1
4170,0
4171,1
4172,1
4173,0
4174,0
4175,0
4178,1
4179,0
4180,0
4181,0
4182,0
4183,0
4184,0
4186,0
4187,0
4188,0
4189,0
4191,0
4194,0
4196,1
4198,0
4199,0
4200,0
4201,1
4202,0
4203,1
4204,0
4205,1
4206,1
4208,0
4209,0
4210,0
4212,1
4213,0
4214,0
4215,1
4217,0
4220,0
4224,0
4225,0
4230,0
4231,0
4232,0
4233,0
4234,0
4235,1
4236,0
4238,0
4239,0
4240,1
4241,0
4242,0
4245,0
4246,0
4249,0
4250,0
4252,1
4253,0
4254,0
4258,1
4261,0
4262,0
4263,1
4264,0
4267,0
4268,0
4269,0
4270,0
4274,1
4278,1
4280,0
4281,0
4282,0
4284,1
4285,0
4286,1
4287,0
4288,0
4289,1
4290,0
4292,0
4293,0
4294,1
4295,0
4296,1
4297,0
4298,0
4301,0
4302,0
4303,0
4304,0
4308,0
4309,0
4311,0
4318,1
4320,1
4321,0
4323,0
4325,0
4326,0
4328,0
4330,0
4332,0
4334,0
4335,0
4336,0
4337,0
4339,1
4340,0
4341,0
4342,1
4347,0
4348,0
4350,0
4353,0
4354,0
4355,0
4357,0
4358,0
4359,1
4360,0
4361,0
4362,0
4364,1
4368,0
4369,0
4371,0
4372,1
4373,0
4374,1
4375,0
4376,0
4377,1
4380,0
4384,0
4385,0
4387,0
4389,0
4390,0
4392,0
4393,0
4396,0
4397,0
4398,0
4399,0
4400,0
4404,1
4405,0
4406,0
4408,0
4409,0
4410,0
4412,0
4416,0
4417,0
4420,0
4421,0
4423,0
4425,0
4426,0
4428,0
4430,0
4431,0
4433,0
4436,0
4437,0
4439,0
4444,0
4445,0
4447,0
4448,0
4449,0
4450,0
4451,0
4453,0
4454,0
4456,0
4457,0
4459,0
4460,0
4461,0
4463,0
4464,0
4465,0
4466,0
4467,0
4468,0
4469,0
4471,0
4472,0
4473,0
4474,0
4475,0
4476,0
4477,0
4479,0
4480,0
4481,0
4482,0
4483,0
4484,0
4485,0
4486,1
4487,1
4488,0
4489,0
4490,0
4492,0
4493,0
4494,0
4495,0
4496,1
4497,0
4499,0
4500,0
4503,0
4504,0
4505,0
4506,0
4508,1
4509,1
4510,1
4511,0
4514,0
4515,0
4518,0
4521,0
4522,0
4523,1
4524,0
4525,1
4526,0
4527,1
4531,1
4533,0
4534,0
4535,0
4536,0
4540,0
4541,0
4542,0
4543,0
4545,0
4546,0
4549,0
4550,1
4552,0
4553,0
4557,1
4558,0
4559,0
4560,0
4565,0
4566,0
4567,1
4568,1
4570,1
4572,0
4573,1
4578,0
4580,0
4582,0
4583,0
4584,0
4585,0
4586,1
4587,1
4588,1
4589,1
4592,1
4594,1
4595,0
4597,0
4601,0
4602,0
4603,0
4606,1
4608,1
4609,0
4610,0
4613,0
4614,1
4615,0
4616,1
4617,0
4620,0
4621,0
4624,0
4627,0
4628,0
4629,0
4630,0
4631,0
4632,1
4633,0
4634,1
4635,0
4636,1
4637,0
4638,0
4639,0
4640,0
4641,0
4642,0
4643,0
4644,0
4646,0
4647,0
4649,1
4650,0
4653,0
4654,0
4655,1
4658,0
4659,1
4660,1
4662,0
4663,0
4667,0
4669,0
4670,0
4671,0
4672,0
4673,0
4674,1
4675,0
4676,1
4678,0
4679,0
4681,0
4684,0
4685,0
4687,0
4688,0
4689,0
4690,0
4691,0
4692,1
4693,0
4696,1
4697,0
4700,1
4701,0
4702,0
4703,0
4705,0
4706,0
4710,0
4711,0
4712,0
4714,1
4715,1
4717,0
4719,0
4720,0
4721,0
4722,1
4723,0
4725,0
4726,1
4728,0
4729,0
4730,0
4731,0
4734,0
4735,0
4736,1
4738,1
4739,0
4740,0
4742,0
4744,0
4745,0
4746,0
4748,0
4751,0
4752,0
4753,0
4755,0
4756,0
4757,0
4759,0
4760,1
4762,0
4763,1
4764,0
4765,0
4766,1
4768,0
4769,0
4771,0
4773,0
4774,0
4776,0
4777,0
4778,0
4780,0
4781,0
4782,0
4784,1
4785,0
4786,1
4787,0
4788,1
4789,1
4790,0
4793,0
4795,0
4796,0
4797,1
4801,0
4802,0
4803,1
4804,1
4805,1
4806,1
4807,0
4808,0
4810,0
4811,0
4813,0
4816,0
4817,0
4821,0
4823,0
4824,1
4825,1
4826,1
4827,0
4828,0
4832,0
4833,0
4834,0
4836,0
4838,0
4839,0
4841,0
4842,0
4844,0
4845,0
4846,0
4847,0
4848,0
4849,0
4851,0
4852,0
4854,0
4856,0
4857,0
4858,0
4862,0
4863,0
4864,1
4865,0
4866,0
4867,0
4868,0
4869,0
4870,0
4871,0
4872,1
4873,0
4874,0
4876,1
4877,0
4880,0
4882,0
4883,1
4885,1
4887,0
4888,0
4889,0
4891,0
4892,0
4893,0
4894,0
4895,0
4896,0
4897,0
4898,0
4899,0
4901,1
4904,1
4905,0
4906,1
4907,0
4908,0
4909,1
4910,1
4911,0
4912,0
4913,0
4914,0
4915,0
4916,0
4917,0
4918,0
4919,0
4920,0
4921,0
4922,0
4923,1
4924,0
4926,0
4927,1
4929,1
4930,0
4932,1
4933,0
4937,1
4938,0
4939,0
4940,1
4941,0
4942,0
4943,0
4944,0
4945,0
4947,0
4948,0
4949,0
4950,0
4951,0
4952,1
4953,0
4954,0
4955,1
4958,0
4960,0
4961,0
4962,0
4964,0
4965,0
4966,0
4967,0
4968,0
4969,0
4970,0
4971,0
4972,0
4973,0
4975,0
4976,0
4977,0
4978,1
4979,1
4980,0
4981,0
4983,0
4984,0
4985,0
4987,1
4988,0
4989,0
4991,1
4992,0
4993,0
4994,0
4995,0
4996,0
4997,0
4998,0
4999,0
5000,1
5001,0
5002,0
5004,0
5005,0
5007,0
5008,1
5009,1
5011,0
5013,0
5014,0
5015,0
5016,0
5017,0
5018,0
5019,0
5020,0
5021,0
5022,0
5023,0
5024,1
5025,1
5026,1
5029,0
5033,0
5034,1
5035,0
5036,0
5037,0
5038,0
5039,0
5040,0
5041,0
5042,0
5043,0
5044,0
5045,0
5046,0
5047,0
5048,0
5049,0
5051,1
5052,1
5053,0
5055,0
5056,0
5057,1
5059,0
5060,1
5062,0
5063,0
5064,0
5065,0
5066,0
5067,0
5068,0
5069,0
5070,0
5071,0
5072,0
5073,0
5074,0
5075,0
5077,0
5078,1
5079,0
5080,1
5081,1
5082,0
5086,1
5087,1
5088,0
5090,0
5091,0
5092,0
5093,0
5094,0
5095,1
5096,0
5097,1
5098,1
5099,1
5100,0
5101,1
5102,1
5104,0
5105,0
5106,0
5107,0
5108,0
5110,0
5111,0
5112,0
5113,0
5114,0
5115,0
5116,1
5117,0
5119,0
5120,0
5124,1
5126,1
5128,0
5132,1
5134,1
5135,0
5136,0
5137,0
5138,0
5139,0
5140,0
5141,0
5142,0
5145,0
5147,0
5148,1
5149,0
5150,1
5152,1
5153,1
5154,0
5156,0
5157,0
5158,0
5159,0
5160,0
5161,0
5162,0
5163,0
5164,0
5165,1
5166,0
5167,1
5168,1
5169,1
5171,1
5172,1
5173,0
5178,1
5179,0
5180,0
5181,0
5183,1
5185,0
5186,0
5187,0
5188,0
5189,0
5190,0
5191,1
5192,0
5193,0
5194,0
5195,1
5197,1
5198,0
5199,1
5201,1
5204,1
5206,0
5207,1
5208,0
5209,0
5210,0
5211,0
5212,0
5214,1
5215,0
5216,1
5220,1
5221,0
5222,0
5223,1
5225,0
5226,1
5227,0
5228,0
5229,0
5230,1
5231,0
5232,1
5234,0
5235,0
5236,0
5237,0
5238,0
5239,0
5241,0
5242,1
5243,0
5244,0
5245,1
5246,1
5249,0
5250,1
5252,0
5253,0
5254,0
5255,0
5256,0
5257,0
5258,1
5259,1
5260,0
5261,0
5262,0
5263,0
5264,0
5265,1
5266,0
5267,0
5268,0
5269,1
5270,0
5271,0
5272,0
5273,0
5274,0
5275,0
5276,0
5278,0
5279,1
5280,0
5281,0
5282,0
5283,1
5284,0
5285,0
5286,0
5287,0
5288,0
5289,0
5290,0
5291,0
5292,0
5293,0
5295,0
5296,0
5297,1
5298,0
5299,0
5300,0
5301,0
5302,0
5304,0
5305,0
5306,0
5307,0
5308,0
5309,0
5310,1
5311,1
5312,0
5313,1
5314,1
5316,0
5317,0
5318,0
5319,0
5320,0
5321,0
5322,0
5323,0
5324,0
5325,1
5326,1
5327,1
5329,0
5330,1
5331,0
5333,1
5334,0
5335,1
5336,0
5337,0
5338,1
5339,0
5340,0
5341,0
5342,0
5344,0
5345,0
5346,0
5347,0
5348,0
5349,0
5350,0
5353,0
5354,0
5355,1
5356,0
5357,1
5358,0
5359,0
5360,0
5362,0
5363,1
5364,1
5365,0
5366,0
5367,0
5368,0
5369,0
5370,0
5371,0
5372,0
5373,0
5375,1
5376,1
5377,1
5378,0
5379,0
5380,0
5382,0
5383,0
5384,0
5385,0
5386,0
5388,0
5389,0
5390,0
5392,0
5393,0
5394,0
5395,0
5396,1
5397,0
5398,0
5399,0
5400,0
5401,0
5402,0
5403,0
5404,0
5405,1
5406,0
5407,0
5408,0
5409,0
5410,1
5411,0
5412,0
5413,0
5414,0
5416,0
5417,0
5418,0
5419,0
5420,0
5422,0
5423,0
5424,0
5425,1
5426,1
5427,0
5428,0
5429,0
5430,0
5431,0
5432,0
5433,0
5434,0
5435,0
5436,0
5437,0
5438,0
5439,0
5440,0
5441,0
5442,0
5443,0
5444,0
5445,0
5446,1
5447,0
5448,0
5449,0
5450,0
5451,1
5452,1
5453,0
5455,0
5456,0
5457,0
5458,0
5460,0
5461,0
5462,0
5464,0
5465,0
5467,1
5468,1
5470,1
5471,0
5472,0
5473,0
5474,0
5475,0
5476,0
5477,0
5478,0
5479,0
5480,0
5481,0
5482,0
5483,0
5484,0
5485,0
5486,0
5487,1
5488,0
5489,0
5490,0
5491,0
5492,1
5493,0
5494,0
5495,0
5496,0
5497,0
5498,0
5499,0
5500,1
5501,1
5502,0
5503,0
5504,0
5505,0
5506,0
5507,1
5508,1
5509,0
5510,0
5511,0
5512,0
5513,0
5514,0
5515,0
5516,0
5517,1
5518,0
5519,0
5520,0
5521,0
5522,0
5523,0
5524,0
5525,0
5526,0
5528,0
5529,0
5530,0
5531,0
5532,0
5533,0
5535,0
5536,0
5537,0
5538,0
5539,1
5540,0
5541,1
5542,0
5543,0
5544,0
5546,1
5547,0
5548,0
5550,1
5552,0
5553,0
5554,0
5555,0
5556,0
5557,1
5558,0
5559,0
5560,0
5562,0
5563,0
5564,0
5565,0
5566,0
5567,0
5568,0
5569,0
5570,0
5571,1
5572,0
5573,0
5574,0
5575,0
5576,0
5577,0
5578,0
5579,0
5580,0
5583,1
5584,0
5585,0
5586,0
5587,0
5588,0
5589,0
5590,0
5591,1
5592,0
5593,0
5594,0
5595,0
5597,0
5598,0
5599,0
5600,0
5601,0
5602,0
5603,0
5604,0
5606,0
5607,0
5608,0
5610,1
5611,0
5612,0
5613,1
5614,0
5615,0
5616,0
5617,0
5618,0
5619,0
5620,0
5622,0
5623,0
5624,1
5625,0
5626,0
5627,0
5628,0
5629,0
5630,0
5631,0
5632,0
5633,0
5634,0
5635,0
5636,0
5637,0
5638,1
5639,0
5640,0
5641,0
5643,0
5644,0
5646,1
5647,0
5648,1
5649,0
5651,0
5652,0
5653,0
5654,0
5655,0
5656,0
5657,0
5658,0
5659,0
5661,0
5662,0
5663,0
5664,0
5665,0
5666,0
5667,0
5668,0
5669,0
5670,0
5671,0
5672,0
5673,0
5674,0
5677,0
5678,0
5679,0
5680,0
5681,0
5682,0
5683,0
5685,0
5686,0
5687,1
5688,0
5689,0
5690,0
5691,0
5692,0
5693,0
5694,0
5695,0
5696,1
5697,0
5698,0
5699,0
5701,0
5702,0
5703,0
5704,0
5705,0
5706,0
5707,0
5708,0
5709,0
5710,0
5711,1
5712,0
5713,0
5714,0
5715,1
5716,0
5717,0
5718,0
5719,0
5720,0
5721,1
5722,0
5723,0
5724,0
5725,0
5726,0
5727,0
5728,0
5729,0
5730,0
5731,1
5732,1
5733,1
5734,0
5735,0
5736,0
5737,1
5738,0
5739,0
5740,0
5741,0
5742,0
5743,0
5744,0
5745,0
5746,0
5748,0
5749,0
5750,1
5751,0
5752,0
5753,0
5755,1
5757,1
5758,0
5759,0
5760,0
5761,0
5762,1
5763,0
5764,0
5766,0
5767,0
5768,0
5769,0
5770,0
5771,0
5772,0
5774,0
5775,0
5776,0
5778,0
5779,0
5780,0
5781,1
5782,1
5783,0
5784,0
5785,0
5786,0
5787,0
5788,0
5789,0
5790,0
5791,0
5792,0
5793,0
5794,0
5795,0
5796,0
5797,0
5798,0
5799,0
5800,0
5801,0
5802,0
5803,0
5804,0
5805,0
5806,0
5807,0
5808,0
5809,0
5810,1
5811,0
5812,0
5814,0
5815,0
5816,0
5817,0
5818,0
5819,0
5820,0
5821,0
5822,0
5823,0
5824,0
5825,0
5826,0
5827,0
5828,1
5830,0
5832,0
5833,0
5834,1
5835,0
5836,1
5837,1
5840,0
5841,0
5842,0
5843,0
5844,0
5845,0
5846,0
5847,0
5848,1
5849,1
5850,0
5851,1
5852,0
5853,1
5856,0
5858,0
5859,1
5860,1
5861,0
5862,0
5863,0
5864,0
5865,0
5866,0
5867,0
5868,0
5869,0
5870,0
5871,0
5872,0
5873,1
5874,0
5875,0
5876,0
5877,0
5879,0
5880,0
5881,0
5882,0
5883,1
5884,0
5885,0
5886,0
5887,0
5888,0
5889,0
5890,0
5891,0
5892,0
5893,0
5894,0
5895,0
5896,0
5898,0
5899,0
5900,1
5901,0
5903,1
5904,1
5905,0
5906,0
5907,1
5908,0
5909,0
5910,0
5911,0
5912,0
5913,0
5914,0
5915,0
5916,0
5917,0
5918,0
5919,0
5920,0
5921,0
5922,0
5923,1
5924,0
5925,0
5926,0
5927,0
5928,0
5930,0
5931,0
5932,0
5933,0
5934,0
5935,0
5936,0
5937,0
5938,0
5939,0
5941,0
5942,0
5943,0
5944,0
5945,1
5946,0
5947,0
5948,0
5949,0
5950,0
5951,0
5952,0
5953,1
5954,0
5955,0
5956,0
5957,0
5959,0
5960,0
5961,0
5962,0
5963,0
5964,0
5966,0
5967,0
5968,1
5969,0
5970,0
5971,0
5972,0
5973,0
5974,0
5975,0
5976,1
5977,0
5978,0
5979,0
5980,0
5981,0
5982,0
5983,0
5984,0
5985,0
5986,0
5988,0
5989,0
5991,0
5992,0
5993,0
5994,0
5995,0
5996,1
5998,0
5999,0
6000,0
6001,0
6002,0
6003,1
6004,0
6005,0
6006,0
6007,0
6008,0
6009,0
6010,1
6011,0
6012,0
6014,0
6015,0
6016,1
6017,0
6018,0
6020,1
6021,0
6022,0
6023,0
6024,1
6025,1
6026,0
6027,0
6028,0
6029,0
6030,0
6032,0
6033,0
6034,0
6035,0
6037,0
6038,0
6039,0
6040,0
6042,0
6043,1
6044,1
6045,0
6046,0
6047,0
6048,0
6049,0
6050,0
6052,0
6053,0
6054,0
6055,0
6056,0
6057,0
6058,1
6059,0
6060,0
6061,0
6062,0
6063,0
6064,0
6065,0
6066,1
6067,1
6068,0
6069,0
6070,1
6071,1
6072,0
6074,0
6075,0
6076,1
6077,1
6079,1
6080,1
6081,0
6082,0
6084,0
6085,0
6086,0
6087,0
6088,0
6090,0
6091,0
6095,0
6098,0
6099,0
6100,0
6101,0
6103,1
6105,0
6106,0
6108,0
6110,0
6113,0
6115,0
6117,0
6119,0
6120,0
6122,0
6125,0
6126,0
6128,1
6130,0
6131,0
6132,1
6133,0
6134,0
6135,0
6137,0
6138,0
6139,0
6141,0
6144,0
6145,0
6146,0
6148,0
6149,0
6154,0
6155,0
6156,0
6157,0
6159,0
6161,0
6162,0
6164,0
6165,1
6167,0
6169,0
6170,0
6171,0
6172,0
6173,0
6174,0
6175,0
6177,0
6179,0
6180,1
6181,0
6183,0
6184,0
6186,0
6187,0
6188,0
6189,0
6190,0
6193,0
6194,0
6195,0
6196,0
6197,0
6198,0
6199,0
6201,0
6202,0
6203,0
6204,0
6205,0
6206,0
6207,0
6208,0
6209,0
6210,0
6211,0
6212,0
6213,0
6214,0
6215,0
6217,0
6219,0
6220,0
6222,0
6224,0
6225,0
6227,0
6228,0
6229,0
6230,0
6231,0
6235,0
6236,0
6238,0
6239,0
6240,0
6242,0
6243,0
6245,0
6249,0
6250,0
6251,0
6252,0
6253,0
6254,0
6255,0
6256,0
6257,0
6258,0
6259,0
6260,0
6261,0
6263,0
6264,0
6265,0
6266,0
6267,0
6268,0
6269,0
6271,0
6272,0
6273,0
6274,0
6275,0
6276,0
6277,0
6278,0
6279,0
6280,0
6281,0
6282,0
6283,0
6284,0
6285,0
6286,0
6287,0
6288,0
6289,0
6291,0
6292,0
6293,0
6295,0
6296,0
6297,0
6299,1
6301,0
6302,0
6304,0
6306,0
6307,0
6311,0
6313,0
6314,0
6318,0
6320,0
6321,0
6322,0
6325,0
6328,0
6329,0
6330,0
6332,0
6334,0
6336,0
6337,0
6341,0
6342,0
6343,0
6345,0
6346,0
6347,0
6349,0
6350,0
6352,0
6353,0
6355,0
6356,0
6357,0
6358,0
6359,0
6362,0
6363,0
6364,0
6366,0
6367,0
6374,0
6375,0
6377,0
6378,0
6380,0
6381,0
6383,0
6384,0
6386,0
6387,0
6394,0
6395,0
6396,0
6398,0
6399,0
6400,0
6401,0
6403,0
6405,0
6406,0
6407,0
6408,0
6409,0
6410,0
6411,0
6412,0
6413,0
6416,0
6417,0
6418,0
6420,0
6421,0
6422,0
6423,0
6424,0
6425,0
6427,0
6429,0
6430,0
6431,0
6432,0
6433,0
6434,0
6435,0
6436,0
6437,1
6438,0
6442,0
6444,0
6447,0
6449,0
6451,0
6452,0
6453,0
6455,0
6457,0
6458,0
6459,0
6460,0
6462,0
6463,1
6464,1
6469,0
6471,0
6472,0
6473,0
6474,0
6475,0
6476,0
6479,0
6480,0
6481,0
6482,0
6483,0
6484,0
6485,0
6486,0
6487,0
6488,0
6490,0
6491,1
6492,0
6493,0
6494,0
6495,0
6496,0
6497,0
6498,0
6499,0
6500,0
6501,0
6502,0
6503,0
6504,0
6506,0
6507,0
6509,0
6510,0
6511,0
6512,0
6513,0
6515,0
6520,0
6521,0
6522,1
6523,0
6524,0
6525,0
6526,0
6527,0
6528,0
6530,0
6531,0
6532,0
6533,0
6535,0
6536,0
6537,0
6538,0
6539,0
6541,0
6546,0
6547,0
6550,0
6551,0
6552,0
6553,0
6554,0
6555,0
6556,0
6557,0
6558,0
6560,0
6562,0
6563,0
6564,0
6567,0
6569,0
6572,0
6573,0
6575,0
6576,0
6577,0
6579,0
6580,0
6582,0
6586,0
6589,0
6591,0
6592,0
6594,0
6595,0
6597,0
6599,0
6600,0
6602,0
6605,0
6606,0
6607,0
6608,0
6611,0
6612,0
6613,0
6616,0
6617,1
6618,0
6620,0
6621,0
6622,0
6624,0
6625,0
6629,0
6630,0
6632,0
6634,0
6635,0
6636,0
6637,0
6638,0
6641,0
6646,0
6647,0
6649,0
6652,0
6653,0
6654,0
6655,0
6656,0
6660,0
6662,0
6663,0
6664,0
6665,0
6669,0
6672,0
6676,0
6677,0
6679,0
6681,0
6685,0
6687,0
6688,0
6689,0
6690,0
6691,0
6693,0
6694,0
6696,0
6697,0
6701,0
6703,0
6707,0
6711,0
6713,0
6714,0
6715,0
6716,0
6717,0
6719,0
6720,1
6721,0
6723,0
6725,0
6727,0
6729,0
6730,0
6731,0
6733,0
6734,0
6736,0
6737,0
6741,0
6743,0
6744,0
6745,0
6746,0
6748,0
6749,0
6750,1
6751,0
6752,0
6757,1
6758,0
6759,0
6761,0
6763,0
6764,1
6766,0
6767,0
6770,0
6771,0
6774,1
6776,0
6780,0
6782,0
6784,0
6786,0
6787,0
6789,0
6790,0
6791,0
6792,0
6793,0
6795,0
6796,0
6798,0
6801,0
6803,0
6804,0
6806,0
6807,0
6808,0
6809,0
6810,1
6813,0
6817,0
6818,0
6819,0
6820,0
6822,0
6825,0
6826,0
6827,0
6828,0
6829,0
6831,0
6832,0
6833,0
6834,0
6835,0
6836,0
6837,0
6838,0
6842,1
6844,0
6845,0
6847,0
6849,0
6855,0
6857,0
6858,0
6859,0
6860,0
6863,0
6864,0
6865,0
6866,0
6867,0
6872,0
6874,0
6875,0
6878,0
6879,0
6883,0
6886,0
6887,0
6888,0
6891,0
6892,0
6895,0
6896,0
6897,0
6898,0
6900,0
6903,0
6904,0
6905,0
6906,0
6907,0
6908,0
6909,0
6910,0
6911,0
6913,0
6915,0
6916,0
6917,0
6919,0
6920,0
6921,0
6923,0
6926,0
6928,0
6932,0
6934,0
6935,0
6937,0
6940,0
6942,1
6943,0
6944,0
6947,0
6951,0
6952,0
6953,0
6954,0
6955,0
6957,0
6958,0
6959,0
6960,0
6963,0
6964,0
6965,0
6966,0
6967,0
6968,0
6970,0
6971,0
6973,0
6974,0
6975,0
6978,0
6980,0
6981,0
6982,0
6985,0
6988,0
6992,0
6997,0
7000,0
7003,0
7009,0
7014,0
7015,0
7016,0
7017,0
7019,0
7020,0
7021,0
7023,0
7024,0
7025,0
7026,0
7028,0
7029,0
7030,0
7031,0
7032,0
7033,0
7034,0
7035,0
7036,0
7044,0
7046,0
7048,0
7054,0
7060,0
7067,0
7084,0
7087,0
7097,0
7098,0
7102,0
7103,0
7107,0
7116,0
7117,0
7126,1
7128,0
7130,0
7131,0
7135,0
7136,0
7139,0
7140,0
7143,0
7153,1
7158,0
7162,0
7165,0
7172,0
7179,0
7181,1
7184,1
7188,0
7189,1
7195,0
7196,0
7197,0
7198,0
7200,0
7201,0
7202,0
7207,0
7208,0
7209,0
7210,1
7211,0
7213,0
7214,0
7215,0
7217,1
7218,1
7219,0
7220,0
7223,0
7226,0
7227,0
7228,0
7229,0
7230,0
7232,0
7233,0
7234,0
7235,0
7237,0
7243,0
7244,0
7246,0
7248,1
7249,1
7251,0
7253,0
7255,0
7256,0
7257,0
7258,0
7259,0
7260,0
7262,0
7263,0
7265,1
7266,0
7268,0
7269,0
7270,0
7271,0
7272,0
7273,0
7274,0
7275,0
7276,0
7278,0
7279,0
7284,0
7285,1
7290,0
7291,0
7292,0
7293,0
7294,0
7295,0
7296,0
7297,0
7298,0
7300,0
7302,0
7303,0
7305,0
7306,0
7307,0
7308,0
7309,0
7310,0
7311,0
7312,0
7313,0
7317,0
7318,0
7319,0
7320,0
7321,0
7322,0
7323,0
7324,0
7325,0
7328,0
7332,0
7336,0
7337,0
7338,0
7339,0
7341,0
7343,1
7344,1
7345,0
7347,0
7348,0
7350,0
7351,0
7352,0
7353,0
7354,0
7355,0
7356,0
7357,0
7359,0
7360,0
7361,0
7362,0
7363,0
7364,0
7365,0
7371,0
7372,0
7373,0
7374,0
7376,0
7377,0
7378,0
7379,0
7380,0
7381,0
7382,0
7383,0
7386,0
7387,0
7389,0
7390,0
7392,1
7393,0
7394,0
7396,0
7397,0
7399,0
7400,0
7401,0
7404,0
7405,0
7406,0
7407,0
7408,0
7409,0
7410,0
7411,0
7413,0
7414,0
7416,0
7417,0
7419,0
7420,1
7421,0
7422,0
7423,0
7424,0
7425,0
7426,1
7427,0
7428,0
7429,0
7430,0
7431,0
7432,1
7436,0
7437,0
7438,0
7440,0
7441,0
7442,0
7443,0
7444,0
7445,0
7446,0
7447,0
7448,0
7453,0
7454,0
7455,1
7456,0
7457,0
7458,0
7459,0
7464,0
7465,0
7466,0
7467,0
7469,0
7470,0
7471,0
7472,0
7473,0
7474,1
7475,1
7477,0
7478,0
7479,0
7480,0
7481,0
7482,0
7483,0
7486,0
7487,0
7490,0
7491,0
7492,0
7493,0
7494,0
7495,0
7496,0
7497,0
7500,0
7502,0
7503,0
7504,0
7505,0
7506,0
7507,0
7511,0
7512,0
7513,0
7515,0
7516,0
7517,0
7518,0
7519,0
7520,0
7521,0
7522,0
7523,0
7524,0
7525,0
7526,0
7529,0
7530,0
7531,0
7532,0
7536,0
7538,0
7540,0
7541,0
7544,0
7545,0
7546,0
7547,0
7548,0
7549,0
7551,0
7552,0
7553,1
7554,1
7555,0
7556,1
7560,1
7561,0
7562,0
7564,0
7565,0
7566,0
7567,0
7568,0
7571,0
7576,0
7577,0
7578,0
7579,0
7582,1
7588,1
7589,0
7590,0
7591,0
7592,0
7593,0
7594,0
7595,0
7597,0
7599,0
7600,0
7601,0
7604,0
7606,1
7610,0
7612,1
7617,0
7619,0
7620,0
7621,0
7623,0
7624,0
7626,0
7627,0
7628,0
7629,0
7630,0
7631,0
7632,1
7633,0
7634,0
7635,0
7636,0
7637,0
7638,0
7639,0
7640,0
7642,0
7643,0
7644,0
7645,0
7646,0
7647,0
7648,0
7649,0
7650,0
7651,0
7652,0
7653,0
7655,0
7656,0
7657,0
7658,1
7659,0
7660,0
7661,0
7662,0
7663,0
7665,1
7666,0
7667,0
7668,0
7670,0
7671,0
7672,0
7673,0
7674,0
7675,0
7676,0
7679,0
7680,0
7681,0
7682,0
7683,0
7685,0
7686,0
7687,0
7688,0
7691,0
7693,0
7694,0
7695,0
7696,0
7697,0
7698,0
7699,0
7701,0
7702,0
7703,0
7704,0
7705,0
7706,0
7707,0
7709,0
7710,0
7712,0
7713,0
7714,0
7715,0
7716,0
7717,0
7718,0
7720,0
7721,0
7722,0
7723,0
7724,0
7725,0
7726,0
7727,0
7730,0
7731,0
7733,0
7736,0
7738,0
7739,0
7740,0
7742,0
7743,0
7745,0
7746,0
7747,0
7748,0
7749,0
7750,0
7751,0
7752,0
7753,0
7754,0
7755,0
7756,0
7757,0
7758,0
7760,0
7761,0
7762,0
7763,0
7766,0
7768,0
7769,0
7770,0
7771,0
7772,0
7773,0
7774,0
7775,0
7776,0
7777,0
7778,0
7779,0
7780,0
7781,0
7782,0
7783,0
7784,0
7785,0
7786,0
7787,0
7789,0
7790,0
7791,0
7793,0
7794,0
7795,0
7796,0
7797,0
7798,0
7799,0
7801,0
7802,0
7803,0
7804,0
7805,0
7806,0
7807,0
7808,0
7809,0
7812,0
7813,0
7815,0
7817,0
7820,0
7821,0
7822,0
7823,0
7825,0
7826,0
7827,0
7828,0
7829,0
7830,0
7831,0
7833,0
7834,0
7835,0
7836,0
7837,0
7838,0
7839,0
7840,0
7841,0
7842,0
7844,0
7845,0
7846,0
7847,0
7849,0
7850,0
7851,0
7852,0
7853,0
7854,0
7856,0
7859,0
7860,0
7861,0
7863,0
7864,0
7866,0
7867,0
7868,0
7869,0
7870,0
7871,0
7872,0
7873,0
7874,0
7877,0
7879,0
7880,0
7881,0
7882,0
7884,0
7885,0
7886,0
7888,0
7889,0
7890,0
7892,0
7893,0
7894,0
7895,0
7898,0
7900,0
7901,0
7902,0
7903,0
7904,0
7906,0
7907,0
7910,0
7911,0
7912,0
7913,0
7914,0
7915,0
7916,0
7917,0
7918,0
7919,0
7921,0
7923,0
7924,0
7927,0
7928,0
7929,0
7931,0
7932,0
7933,0
7934,0
7935,0
7936,0
7937,0
7938,0
7939,0
7941,0
7943,0
7944,0
7946,0
7947,0
7948,0
7950,0
7951,0
7952,0
7953,0
7954,0
7955,0
7956,0
7957,0
7958,0
7959,0
7960,0
7961,0
7962,0
7963,0
7966,0
7968,0
7969,0
7971,0
7972,0
7973,0
7974,0
7975,0
7976,0
7977,0
7978,0
7979,0
7980,0
7981,0
7982,0
7983,0
7985,0
7986,0
7987,0
7990,0
7991,0
7992,0
7994,0
7995,0
7996,0
7997,0
7998,0
7999,0
8000,0
8001,0
8003,0
8005,0
8006,0
8007,0
8008,0
8009,0
8010,0
8011,0
8012,0
8015,0
8016,0
8017,0
8019,0
8020,0
8021,0
8023,0
8024,0
8025,0
8026,0
8027,0
8028,0
8030,0
8031,0
8034,0
8036,0
8037,0
8038,0
8040,0
8041,0
8042,0
8043,0
8044,0
8045,0
8046,0
8047,0
8049,0
8050,0
8051,0
8052,0
8053,0
8054,0
8055,0
8056,0
8057,1
8058,0
8061,0
8062,0
8063,0
8064,0
8065,0
8066,0
8068,0
8069,0
8070,0
8071,0
8072,0
8074,0
8075,0
8076,0
8077,0
8078,0
8080,0
8082,0
8083,0
8084,0
8085,0
8086,0
8087,0
8088,0
8089,0
8090,0
8092,0
8093,0
8094,0
8095,0
8096,0
8097,0
8099,0
8100,0
8101,0
8102,0
8103,0
8105,0
8107,0
8108,0
8109,0
8110,0
8112,0
8113,0
8114,0
8115,0
8116,0
8117,0
8118,0
8119,0
8120,0
8121,0
8123,0
8124,0
8125,0
8126,0
8128,0
8129,0
8130,0
8131,0
8132,0
8133,0
8134,0
8135,0
8137,0
8139,0
8141,0
8143,0
8144,0
8146,0
8147,0
8148,0
8149,0
8150,0
8151,0
8153,0
8154,0
8155,0
8156,0
8157,0
8158,0
8159,0
8160,0
8161,0
8162,0
8163,0
8164,0
8165,0
8166,0
8167,0
8168,0
8169,0
8170,0
8171,0
8172,0
8173,0
8174,0
8175,0
8176,0
8177,0
8178,0
8180,0
8181,0
8182,0
8184,0
8185,0
8186,0
8188,0
8189,0
8190,0
8192,0
8193,0
8194,0
8195,0
8196,0
8197,0
8198,0
8199,0
8200,0
8202,0
8203,0
8204,0
8205,0
8206,0
8207,0
8208,0
8209,0
8211,0
8212,0
8216,0
8218,0
8219,0
8220,0
8221,0
8223,0
8224,0
8227,0
8228,0
8229,0
8230,0
8232,0
8233,0
8234,0
8235,0
8237,0
8238,0
8241,0
8242,0
8243,0
8244,0
8245,0
8247,0
8249,0
8250,0
8251,0
8252,0
8253,0
8254,0
8255,0
8257,0
8258,0
8259,0
8260,0
8261,0
8262,0
8264,0
8265,0
8266,0
8267,0
8268,0
8269,0
8271,0
8272,0
8273,0
8274,0
8275,0
8276,0
8277,0
8278,0
8279,0
8280,0
8281,0
8282,0
8284,0
8285,0
8286,0
8287,0
8288,0
8289,0
8290,0
8292,0
8293,0
8294,0
8295,0
8296,0
8297,0
8298,0
8299,0
8300,0
8301,0
8302,0
8303,0
8304,0
8305,0
8306,0
8308,0
8309,0
8310,0
8312,0
8313,0
8314,0
8315,0
8316,0
8317,0
8318,0
8319,0
8320,0
8321,0
8322,0
8324,0
8325,0
8326,0
8327,0
8328,0
8329,0
8331,0
8333,0
8334,0
8335,0
8336,0
8337,0
8338,0
8339,0
8340,0
8341,0
8342,0
8343,0
8345,0
8346,0
8347,0
8348,0
8349,0
8350,0
8352,0
8353,0
8354,0
8356,0
8358,0
8359,0
8360,0
8361,0
8362,0
8363,0
8364,0
8365,0
8366,0
8367,0
8368,0
8369,0
8370,0
8371,0
8372,0
8373,0
8375,0
8376,0
8378,0
8379,0
8380,0
8382,0
8383,0
8384,0
8385,0
8387,0
8388,0
8389,0
8390,0
8392,0
8393,0
8396,0
8397,0
8398,0
8399,0
8401,0
8402,0
8403,0
8405,0
8406,0
8409,0
8410,0
8411,0
8412,0
8414,0
8415,0
8416,0
8417,0
8418,0
8419,0
8420,0
8421,0
8422,0
8423,0
8424,0
8425,0
8426,0
8427,0
8428,0
8429,0
8430,0
8431,0
8432,0
8433,0
8434,0
8435,0
8436,0
8437,0
8438,0
8439,0
8440,0
8443,0
8444,0
8445,0
8446,0
8447,0
8448,0
8449,0
8450,0
8451,0
8452,0
8453,0
8455,0
8457,0
8458,0
8459,0
8460,0
8461,0
8463,0
8465,0
8466,0
8467,0
8468,0
8470,0
8471,0
8472,0
8474,0
8475,0
8476,0
8477,0
8478,0
8481,0
8485,0
8486,0
8487,0
8488,0
8489,0
8490,0
8491,0
8492,0
8493,0
8494,0
8495,0
8496,0
8497,0
8498,0
8502,0
8503,0
8504,0
8506,0
8507,0
8509,0
8511,0
8512,0
8515,0
8516,0
8517,0
8519,0
8521,0
8523,0
8524,0
8525,0
8526,0
8527,0
8528,0
8529,0
8531,0
8533,0
8534,0
8535,0
8536,0
8537,0
8538,0
8539,0
8540,0
8541,0
8542,0
8543,0
8545,0
8546,0
8549,0
8550,0
8551,0
8552,0
8553,0
8554,0
8555,0
8557,0
8558,0
8559,0
8560,0
8562,0
8565,0
8566,0
8567,0
8568,0
8569,0
8570,0
8571,1
8572,0
8574,0
8575,0
8576,0
8577,0
8579,0
8580,0
8581,0
8582,0
8583,0
8584,0
8585,0
8587,0
8588,0
8589,0
8594,0
8596,0
8597,0
8598,0
8599,0
8600,0
8601,0
8602,0
8603,0
8604,0
8605,0
8606,0
8607,0
8608,0
8609,0
8610,0
8611,0
8612,0
8613,0
8614,0
8615,0
8617,0
8618,0
8620,0
8621,0
8622,0
8623,0
8624,0
8625,0
8626,0
8627,0
8628,0
8629,0
8630,0
8631,0
8632,0
8633,0
8634,0
8636,0
8637,0
8638,0
8639,0
8640,0
8642,0
8644,0
8645,0
8647,0
8648,0
8649,0
8650,0
8654,0
8655,0
8656,0
8657,0
8658,0
8659,0
8660,0
8661,0
8662,0
8664,0
8665,1
8666,0
8668,0
8669,0
8671,0
8672,0
8674,0
8675,0
8676,0
8677,0
8678,0
8679,0
8680,0
8690,0
8692,0
8693,0
8694,0
8695,0
8696,0
8697,0
8698,0
8699,0
8700,0
8701,0
8702,0
8703,0
8704,0
8705,0
8706,0
8707,0
8708,0
8709,0
8710,0
8711,0
8712,0
8713,0
8714,0
8715,0
8716,0
8717,0
8718,0
8719,0
8720,0
8721,0
8722,0
8723,0
8724,0
8725,0
8726,0
8727,0
8728,0
8730,0
8732,0
8733,0
8734,0
8735,0
8736,0
8737,0
8738,0
8739,0
8740,0
8741,0
8742,0
8743,0
8745,0
8746,0
8747,0
8749,0
8750,0
8752,0
8753,0
8754,0
8755,0
8756,0
8757,0
8758,0
8760,0
8761,0
8762,0
8763,0
8764,0
8765,0
8767,0
8768,0
8769,0
8770,0
8771,0
8778,0
8779,0
8780,0
8781,0
8782,0
8783,0
8787,0
8788,0
8789,0
8790,0
8792,0
8793,0
8794,0
8795,0
8797,0
8798,0
8799,0
8800,0
8801,0
8802,0
8804,0
8806,0
8807,0
8808,0
8810,0
8813,0
8814,0
8815,0
8817,1
8818,0
8819,0
8820,0
8821,0
8822,0
8823,0
8826,0
8827,0
8828,0
8829,0
8830,0
8831,0
8832,0
8834,0
8835,0
8836,0
8838,0
8841,0
8842,0
8843,0
8844,0
8846,0
8847,0
8848,0
8849,0
8850,0
8851,0
8852,0
8853,0
8854,0
8856,0
8857,0
8858,0
8859,0
8860,0
8861,0
8862,0
8863,0
8864,0
8866,0
8873,0
8874,0
8875,0
8876,0
8877,0
8878,0
8879,0
8881,0
8882,0
8883,0
8884,0
8886,0
8887,0
8888,0
8889,0
8891,0
8892,0
8893,0
8895,0
8896,0
8897,0
8898,0
8899,0
8900,0
8902,0
8903,0
8904,0
8905,0
8906,0
8907,0
8908,0
8909,0
8911,0
8912,0
8913,0
8914,0
8915,0
8916,0
8919,0
8920,0
8921,0
8923,0
8925,0
8926,0
8927,0
8928,0
8929,0
8930,0
8931,0
8932,0
8933,0
8934,0
8936,0
8938,0
8939,0
8940,0
8941,0
8943,0
8944,0
8945,0
8947,0
8950,0
8951,0
8952,0
8955,0
8956,1
8957,0
8958,0
8959,0
8964,0
8966,0
8969,0
8970,0
8972,0
8973,0
8975,0
8976,0
8977,0
8978,0
8979,0
8980,0
8982,0
8983,0
8984,0
8985,0
8986,0
8987,0
8991,0
8992,0
8993,0
8997,0
8999,0
9000,0
9001,0
9003,0
9005,0
9006,0
9007,0
9008,0
9009,0
9010,0
9011,0
9012,0
9013,0
9014,1
9015,0
9017,0
9018,0
9019,0
9021,0
9022,0
9023,0
9024,0
9025,0
9026,0
9027,0
9028,0
9030,0
9033,0
9034,0
9035,0
9037,0
9038,0
9041,0
9042,0
9045,0
9049,0
9050,0
9051,0
9052,0
9053,0
9054,0
9055,0
9056,0
9057,0
9058,0
9059,0
9061,0
9062,0
9063,0
9064,0
9065,0
9066,0
9067,0
9068,0
9069,0
9071,0
9072,0
9073,0
9075,0
9076,0
9078,0
9081,0
9082,0
9083,1
9085,0
9086,0
9087,0
9088,0
9089,0
9092,0
9093,0
9094,0
9095,0
9096,0
9097,0
9098,0
9100,0
9101,0
9102,0
9103,0
9104,0
9105,0
9106,0
9107,0
9109,0
9110,0
9111,0
9114,0
9115,0
9117,0
9118,0
9119,0
9120,0
9122,0
9123,0
9125,0
9126,0
9128,0
9129,0
9130,0
9131,0
9132,0
9133,0
9134,0
9135,0
9136,0
9137,0
9138,0
9139,0
9140,0
9141,0
9143,0
9146,0
9150,0
9151,0
9153,0
9154,0
9155,0
9156,0
9157,0
9158,0
9159,0
9160,0
9161,0
9162,0
9163,0
9164,0
9165,0
9166,0
9169,0
9170,0
9171,0
9172,0
9173,0
9174,0
9176,0
9177,0
9178,0
9179,0
9180,0
9181,1
9183,0
9184,0
9185,0
9186,0
9187,0
9188,0
9189,0
9190,0
9192,0
9193,0
9194,0
9199,0
9200,0
9201,0
9202,0
9203,0
9204,0
9205,0
9206,0
9207,0
9208,0
9209,0
9210,0
9211,0
9212,0
9213,0
9214,0
9215,0
9217,0
9219,0
9221,0
9222,0
9223,0
9224,0
9225,0
9226,0
9228,0
9230,0
9231,0
9232,0
9233,0
9234,0
9235,0
9237,0
9238,0
9239,0
9241,0
9242,0
9243,0
9246,0
9247,0
9248,0
9249,0
9250,0
9252,0
9253,0
9255,0
9257,0
9258,0
9260,0
9261,0
9262,0
9263,0
9264,0
9265,0
9266,0
9267,0
9268,0
9269,0
9271,0
9272,0
9273,0
9274,0
9275,0
9276,0
9277,0
9278,0
9280,0
9281,0
9282,0
9283,0
9284,0
9285,0
9286,0
9287,0
9288,0
9289,0
9290,0
9291,0
9292,0
9293,0
9294,0
9295,0
9296,0
9297,0
9298,0
9300,0
9302,0
9303,0
9304,0
9305,0
9307,0
9308,0
9309,0
9310,0
9311,0
9312,0
9313,0
9314,0
9315,0
9318,0
9319,0
9320,0
9326,0
9328,0
9330,0
9332,0
9333,0
9334,0
9335,0
9336,0
9337,0
9338,0
9339,0
9340,0
9342,0
9343,0
9344,0
9346,0
9347,0
9349,0
9353,0
9354,0
9356,0
9357,0
9360,0
9361,0
9362,0
9363,0
9364,0
9365,0
9366,0
9367,0
9368,0
9369,0
9371,0
9373,0
9374,0
9376,0
9377,0
9379,0
9382,0
9384,0
9388,0
9389,0
9390,0
9391,0
9394,0
9395,0
9396,0
9398,0
9399,0
9400,0
9401,0
9402,0
9403,0
9404,0
9405,0
9406,0
9407,0
9408,0
9410,0
9411,0
9412,0
9413,0
9414,0
9415,0
9416,0
9418,0
9419,0
9420,0
9422,0
9423,0
9424,0
9426,0
9428,0
9429,0
9431,0
9433,0
9436,0
9437,0
9439,0
9440,0
9441,0
9442,0
9444,0
9445,0
9446,0
9447,0
9448,0
9449,0
9450,0
9454,0
9457,0
9458,0
9459,0
9460,0
9461,0
9462,0
9463,0
9464,0
9465,0
9466,0
9467,0
9468,0
9469,0
9470,0
9471,0
9472,0
9473,0
9474,0
9476,0
9477,0
9478,0
9479,0
9480,0
9481,0
9482,0
9484,0
9485,0
9486,0
9487,0
9488,0
9489,0
9490,0
9491,0
9492,0
9496,0
9497,0
9498,0
9500,0
9501,0
9503,0
9504,0
9506,0
9507,0
9508,0
9509,0
9510,0
9511,0
9512,0
9513,0
9515,0
9516,0
9518,0
9519,0
9521,0
9522,0
9524,0
9525,0
9526,0
9528,0
9529,0
9530,0
9531,0
9532,0
9533,0
9534,0
9535,0
9537,0
9539,0
9540,0
9541,0
9543,0
9544,0
9545,0
9546,0
9547,0
9548,0
9549,0
9550,0
9551,0
9553,0
9554,0
9555,0
9556,0
9557,0
9558,0
9559,0
9561,0
9563,0
9572,0
9574,0
9576,1
9579,1
9581,0
9582,1
9583,0
9584,0
9585,0
9586,0
9587,0
9588,1
9589,0
9590,1
9592,0
9593,1
9595,0
9596,0
9597,0
9598,0
9599,0
9600,0
9601,1
9603,0
9604,0
9606,0
9607,0
9608,1
9609,0
9610,1
9611,1
9612,1
9613,0
9614,0
9616,0
9617,0
9618,1
9619,0
9620,0
9621,1
9622,1
9623,0
9624,0
9627,0
9628,0
9629,1
9630,0
9631,1
9632,0
9633,0
9634,0
9635,0
9641,0
9644,1
9645,1
9646,1
9647,1
9650,0
9652,1
9653,0
9655,0
9656,0
9657,0
9658,0
9661,1
9662,1
9663,0
9666,0
9667,0
9668,0
9671,1
9672,0
9673,0
9674,0
9675,0
9679,1
9680,0
9681,0
9682,0
9688,1
9689,0
9690,1
9692,1
9693,1
9694,1
9695,1
9698,1
9699,0
9701,0
9703,0
9704,1
9705,0
9706,0
9708,1
9709,0
9715,0
9716,0
9717,0
9718,1
9719,0
9720,1
9721,1
9723,0
9726,0
9727,1
9728,0
9729,0
9734,0
9735,0
9737,0
9738,0
9739,1
9740,0
9741,1
9742,1
9743,1
9745,0
9747,0
9749,0
9750,1
9751,1
9755,0
9757,0
9759,1
9760,1
9761,1
9763,0
9764,0
9765,0
9766,0
9768,0
9769,0
9770,0
9778,1
9779,0
9780,0
9781,0
9782,0
9783,0
9785,0
9787,1
9788,1
9789,0
9791,0
9792,0
9793,0
9794,1
9796,0
9797,0
9798,0
9799,1
9803,1
9804,0
9807,1
9808,1
9809,1
9816,1
9821,0
9831,0
9832,1
9833,1
9834,1
9835,1
9836,1
9838,0
9839,1
9840,1
9841,0
9842,1
9843,1
9844,1
9845,1
9846,1
9847,1
9854,1
9856,0
9860,1
9864,1
9868,1
9869,1
9872,0
9873,0
9875,1
9877,0
9880,1
9881,1
9882,1
9883,1
9885,1
9896,1
9899,1
9900,0
9903,0
9905,1
9911,1
9912,1
9913,1
9914,0
9915,0
9917,0
9918,0
9919,1
9920,0
9921,0
9922,0
9924,0
9925,0
9926,0
9933,0
9934,0
9935,0
9936,0
9937,0
9938,1
9943,0
9946,1
9949,0
9950,0
9951,1
9955,0
9957,0
9961,1
9962,1
9963,0
9964,0
9965,0
9966,0
9968,0
9969,0
9971,0
9973,0
9974,0
9975,0
9976,0
9977,0
9978,0
9979,1
9980,0
9982,1
9983,0
9985,0
9986,0
9988,1
9990,0
9991,0
9992,0
9993,0
9994,0
9995,0
9996,0
9997,0
9999,0
10001,0
10002,0
10003,0
10004,0
10005,1
10006,1
10007,0
10017,1
10019,1
10022,0
10023,1
10024,1
10025,0
10026,0
10027,0
10029,0
10030,1
10031,1
10032,0
10033,1
10034,0
10035,0
10036,0
10037,0
10038,0
10040,0
10042,0
10044,0
10045,0
10046,0
10047,0
10048,0
10051,0
10052,1
10054,0
10055,0
10056,0
10058,0
10060,1
10061,1
10062,1
10064,1
10065,1
10068,1
10069,1
10070,1
10074,1
10075,1
10076,1
10077,1
10081,1
10082,1
10088,1
10095,1
10099,0
10100,1
10102,0
10103,0
10104,0
10105,0
10109,1
10113,1
10115,1
10116,0
10119,0
10120,0
10121,0
10122,0
10123,0
10125,0
10126,0
10127,0
10128,0
10129,0
10130,0
10131,0
10132,0
10133,0
10134,0
10135,0
10136,0
10137,0
10138,0
10139,0
10140,0
10141,0
10143,0
10145,0
10146,0
10147,0
10149,0
10150,0
10154,1
10156,1
10162,0
10168,0
10169,1
10173,0
10175,0
10176,0
10177,1
10178,0
10179,0
10181,0
10182,0
10183,0
10184,0
10185,0
10186,1
10187,0
10188,1
10189,0
10190,0
10191,1
10193,1
10194,0
10195,0
10196,0
10197,0
10199,0
10200,0
10201,0
10203,0
10204,0
10205,0
10206,0
10207,0
10208,0
10209,0
10211,1
10212,0
10213,0
10214,0
10215,0
10216,1
10217,0
10218,1
10219,0
10220,0
10221,0
10222,0
10223,0
10224,0
10225,0
10226,1
10228,0
10230,0
10232,1
10233,1
10234,1
10235,0
10236,0
10237,0
10238,1
10239,1
10240,0
10241,0
10242,0
10243,0
10245,0
10246,1
10247,0
10248,1
10249,0
10251,0
10252,1
10253,0
10254,1
10255,0
10258,0
10259,0
10260,0
10268,0
10271,0
10272,0
10273,0
10274,1
10275,0
10276,0
10278,1
10280,1
10281,0
10282,0
10284,0
10285,1
10286,0
10287,0
10288,0
10290,0
10291,1
10292,1
10293,0
10294,0
10295,0
10296,0
10297,0
10298,0
10299,0
10300,0
10301,1
10303,0
10304,0
10308,0
10311,0
10312,0
10314,1
10315,1
10318,0
10319,0
10320,0
10321,1
10322,0
10323,0
10324,0
10326,1
10327,1
10328,0
10331,1
10333,0
10334,0
10335,0
10336,1
10338,1
10339,0
10340,0
10341,1
10343,1
10346,1
10348,1
10349,1
10350,0
10355,1
10356,1
10361,1
10362,1
10363,1
10364,1
10366,0
10367,0
10369,1
10370,1
10371,0
10372,0
10373,0
10374,0
10375,1
10376,0
10377,0
10378,0
10379,0
10381,1
10383,0
10384,1
10385,1
10386,1
10387,1
10388,1
10390,1
10391,0
10392,1
10393,1
10395,1
10396,1
10403,1
10404,1
10408,1
10409,1
10410,1
10411,1
10412,1
10416,1
10417,1
10418,0
10419,1
10420,0
10421,1
10422,0
10423,0
10424,1
10425,1
10426,0
10428,1
10429,1
10430,0
10432,0
10433,0
10434,1
10436,0
10438,1
10439,1
10440,1
10444,1
10446,0
10450,1
10465,1
10466,1
10468,1
10469,0
10470,1
10471,0
10476,1
10479,0
10487,1
10489,1
10490,1
10492,1
10494,1
10495,1
10496,1
10499,0
10500,0
10501,1
10502,1
10503,1
10504,1
10505,1
10511,0
10514,1
10519,1
10523,1
10524,0
10525,0
10527,1
10530,1
10531,1
10533,0
10536,1
10537,0
10541,0
10543,1
10546,1
10547,0
10556,1
10557,1
10558,1
10559,1
10560,1
10562,1
10563,1
10565,0
10570,1
10571,1
10572,1
10573,0
10574,1
10575,0
10577,1
10578,1
10584,1
10586,1
10587,1
10588,1
10590,1
10591,1
10593,1
10594,0
10595,1
10597,1
10598,1
10599,1
10600,1
10601,0
10605,1
10607,0
10608,1
10609,1
10610,1
10611,1
10612,0
10613,0
10614,1
10615,1
10616,1
10617,1
10618,1
10620,1
10621,1
10622,1
10623,1
10626,1
10627,1
10628,1
10629,1
10633,1
10634,1
10635,1
10636,1
10637,0
10638,1
10640,1
10641,0
10642,1
10644,1
10653,1
10654,1
10657,0
10658,1
10660,0
10662,1
10667,0
10668,1
10669,0
10671,0
10672,1
10673,1
10679,1
10680,1
10682,1
10684,1
10685,0
10686,0
10688,1
10689,1
10690,1
10691,1
10692,1
10694,0
10695,1
10697,1
10698,1
10699,1
10700,0
10702,1
10703,1
10704,0
10705,1
10708,1
10709,1
10710,1
10711,0
10714,1
10717,0
10721,1
10722,0
10723,0
10724,0
10727,1
10729,1
10730,1
10731,0
10733,1
10734,0
10735,1
10736,0
10737,1
10738,1
10740,1
10741,1
10742,1
10744,0
10745,1
10746,1
10747,1
10748,0
10750,1
10751,1
10752,1
10753,1
10754,0
10755,1
10756,1
10757,0
10758,1
10760,1
10761,1
10762,1
10763,1
10764,1
10765,1
10766,1
10768,1
10769,1
10770,1
10771,1
10772,0
10773,1
10774,1
10775,0
10776,1
10777,1
10778,1
10779,0
10780,1
10781,1
10782,1
10784,1
10785,0
10786,1
10787,1
10788,1
10789,1
10791,1
10792,1
10793,1
10794,0
10795,0
10796,1
10797,0
10798,1
10800,1
10801,0
10803,1
10804,1
10805,1
10806,1
10807,1
10810,1
10812,1
10814,1
10815,1
10818,1
10819,1
10821,0
10822,1
10823,1
10824,1
10825,1
10826,1
10831,1
10832,1
10833,1
10834,0
10836,1
10837,1
10838,0
10839,0
10841,1
10843,1
10844,1
10846,1
10847,1
10848,1
10849,1
10850,0
10851,1
10853,0
10855,1
10856,1
10857,1
10858,1
10859,0
10860,0
10861,0
10864,1
10865,0
10866,0
10868,0
10869,0
10870,0
10871,1
10874,1
10876,1
10877,1
10878,1
10879,1
10880,1
10881,1
10883,1
10884,1
10885,1
10889,1
10890,1
10892,1
10893,1
10896,0
10897,0
10898,1
10899,1
10900,1
10901,1
10903,0
10904,1
10905,1
10906,1
10907,0
10908,0
10909,0
10910,1
10912,1
10913,1
10914,1
10916,1
10918,1
10920,1
10921,0
10922,1
10924,1
10927,0
10928,1
10930,1
10931,0
10932,1
10933,1
10934,1
10935,1
10936,1
10937,1
10941,0
10943,1
10944,1
10945,1
10946,1
10948,1
10949,1
10950,1
10951,1
10952,1
10953,1
10954,1
10955,1
10956,1
10957,1
10959,1
10961,1
10962,1
10966,1
10967,1
10968,1
10970,1
10971,1
10972,1
10973,1
10974,1
10975,1
10976,0
10977,1
10978,1
10979,1
10980,0
10982,1
10983,1
10984,1
10985,1
10986,0
10987,1
10988,1
10989,1
10990,1
10991,0
10992,1
10993,1
10994,1
10996,1
10997,1
10998,1
10999,1
11001,1
11002,1
11003,1
11005,0
11006,1
11007,1
11008,1
11009,1
11012,1
11013,1
11014,1
11015,1
11017,0
11018,1
11020,1
11021,1
11022,1
11023,1
11025,1
11026,1
11027,1
11028,1
11030,1
11031,1
11033,1
11035,1
11036,1
11038,0
11044,1
11046,1
11048,0
11050,1
11055,1
11057,0
11060,1
11062,1
11064,1
11065,1
11066,1
11067,1
11068,1
11073,0
11074,1
11075,0
11076,1
11078,1
11079,1
11080,1
11082,0
11083,0
11088,0
11089,1
11090,1
11091,1
11092,0
11093,1
11095,1
11097,0
11098,1
11099,1
11100,1
11101,0
11102,0
11104,1
11105,1
11106,1
11109,1
11110,1
11111,0
11112,1
11113,1
11115,1
11116,0
11117,1
11118,1
11119,1
11120,1
11122,1
11123,1
11124,0
11125,1
11126,1
11127,1
11128,1
11129,1
11130,1
11131,1
11132,1
11133,1
11134,1
11135,1
11136,1
11137,1
11138,1
11139,0
11144,1
11145,1
11147,1
11148,1
11149,1
11151,1
11152,1
11153,1
11154,1
11159,1
11160,1
11161,1
11162,1
11163,1
11164,1
11165,1
11167,1
11168,1
11171,0
11172,1
11173,1
11174,1
11175,1
11176,1
11177,1
11179,1
11180,0
11181,1
11183,1
11185,1
11186,1
11187,0
11190,1
11192,1
11193,1
11196,0
11197,1
11198,1
11199,0
11200,1
11201,0
11202,0
11203,0
11204,0
11210,1
11211,0
11212,0
11213,0
11214,1
11215,1
11216,1
11217,1
11218,1
11220,1
11222,1
11223,1
11224,1
11226,1
11227,1
11228,0
11229,1
11231,0
11233,1
11234,1
11236,1
11237,0
11238,1
11240,1
11243,1
11244,0
11245,1
11246,1
11247,1
11248,1
11249,1
11250,0
11251,0
11270,1
11271,1
11275,1
11280,1
11281,1
11282,1
11283,0
11284,1
11285,0
11286,0
11287,1
11288,1
11289,1
11291,0
11293,1
11295,1
11297,1
11298,1
11301,1
11302,0
11303,1
11305,1
11306,1
11308,1
11311,1
11313,1
11325,0
11334,0
11336,1
11337,1
11340,1
11341,1
11342,1
11344,0
11345,1
11346,0
11347,1
11348,1
11349,0
11350,1
11351,0
11354,1
11355,1
11357,1
11361,1
11362,1
11365,1
11368,0
11370,1
11371,1
11372,1
11373,1
11374,1
11375,1
11376,1
11377,1
11379,1
11380,1
11381,1
11382,0
11383,1
11399,0
11401,0
11403,0
11406,0
11407,0
11412,1
11413,0
11414,0
11415,1
11416,0
11418,1
11421,1
11422,1
11424,1
11425,1
11426,1
11427,1
11428,1
11429,1
11430,1
11431,1
11433,1
11434,1
11435,1
11436,1
11437,1
11438,1
11439,1
11440,1
11442,1
11443,1
11444,0
11445,1
11446,1
11447,1
11448,1
11450,1
11451,1
11453,1
11454,0
11455,0
11456,1
11457,0
11458,0
11459,0
11460,0
11461,0
11462,1
11464,0
11465,1
11466,0
11467,0
11468,1
11469,0
11470,0
11471,0
11472,0
11473,1
11474,0
11475,1
11478,0
11479,1
11485,1
11486,1
11488,1
11489,0
11490,1
11491,1
11493,1
11494,1
11495,1
11496,1
11499,1
11504,1
11509,1
11511,1
11512,1
11513,1
11515,1
11516,0
11517,1
11519,1
11520,1
11521,1
11522,0
11523,1
11524,0
11525,1
11526,1
11527,1
11528,0
11529,0
11530,1
11531,0
11532,1
11535,0
11537,1
11538,0
11539,1
11541,1
11543,1
11544,1
11545,1
11546,1
11547,1
11548,0
11549,1
11550,1
11551,1
11554,1
11556,0
11558,1
11560,0
11561,0
11562,1
11563,0
11567,1
11568,0
11569,1
11570,1
11573,1
11574,1
11575,1
11578,1
11579,1
11580,1
11582,0
11583,1
11585,0
11586,1
11589,1
11590,0
11591,1
11592,1
11594,0
11596,0
11597,0
11598,0
11600,0
11601,1
11602,1
11603,0
11604,0
11608,0
11614,1
11615,1
11619,0
11622,1
11623,1
11624,0
11625,1
11627,1
11629,1
11630,1
11632,1
11633,1
11634,1
11635,0
11636,1
11639,1
11640,1
11642,1
11644,0
11645,1
11646,1
11647,1
11648,1
11649,1
11650,0
11651,1
11652,1
11653,1
11654,1
11655,1
11656,1
11657,1
11658,1
11659,0
11661,0
11662,0
11663,0
11664,0
11666,1
11667,0
11668,1
11669,0
11674,1
11675,0
11676,1
11677,1
11678,1
11679,0
11680,0
11681,1
11682,1
11683,1
11684,1
11685,1
11686,1
11687,1
11688,1
11689,1
11690,1
11691,1
11692,1
11694,1
11696,1
11697,1
11698,1
11700,1
11701,1
11703,1
11704,1
11706,1
11707,1
11708,0
11709,1
11710,1
11711,0
11712,0
11713,1
11714,1
11715,1
11716,1
11717,1
11718,1
11719,1
11720,1
11721,1
11722,0
11723,1
11724,1
11725,1
11726,1
11727,1
11728,1
11730,1
11731,1
11732,0
11733,0
11734,1
11735,1
11736,1
11737,1
11738,0
11739,1
11740,1
11741,1
11742,0
11743,1
11744,1
11745,1
11746,1
11747,1
11748,1
11749,1
11750,0
11751,1
11752,1
11753,1
11754,1
11755,1
11756,1
11757,1
11758,1
11759,1
11760,1
11761,1
11762,1
11763,1
11764,1
11765,1
11766,1
11767,1
11768,1
11769,1
11771,1
11773,0
11774,1
11775,1
11776,1
11777,1
11778,1
11779,1
11780,1
11782,1
11783,1
11784,1
11785,1
11786,0
11787,0
11788,1
11789,1
11790,0
11791,1
11792,0
11794,1
11795,1
11798,1
11799,1
11800,1
11801,0
11802,0
11803,1
11805,1
11806,1
11807,1
11808,1
11810,1
11811,1
11813,1
11815,1
11816,1
11818,1
11819,1
11820,0
11821,1
11822,1
11823,1
11824,1
11825,0
11826,1
11827,1
11828,1
11829,0
11830,1
11831,1
11833,1
11835,1
11836,1
11837,1
11838,1
11839,1
11840,1
11841,1
11842,1
11843,1
11844,0
11845,1
11846,0
11847,1
11848,1
11851,1
11852,1
11854,1
11855,0
11856,0
11857,1
11858,1
11861,0
11862,0
11864,0
11865,0
11866,1
11867,1
11868,0
11869,1
11870,1
11871,1
11872,1
11873,1
11874,1
11875,1
11878,0
11879,1
11880,0
11881,1
11882,1
11883,1
11884,1
11885,1
11886,1
11887,1
11888,1
11889,0
11890,0
11891,1
11892,0
11893,1
11894,1
11895,0
11896,0
11897,1
11898,1
11899,0
11900,1
11901,1
11902,1
11903,1
11904,1
11905,1
11906,1
11907,1
11908,1
11909,1
11910,1
11911,1
11912,1
11914,1
11915,1
11916,1
11917,1
11918,1
11919,1
11920,1
11921,1
11922,1
11923,1
11924,0
11925,0
11927,1
11928,1
11929,1
11930,1
11931,1
11932,1
11934,0
11935,1
11936,1
11937,1
11938,0
11939,1
11940,1
11941,1
11942,1
11943,1
11944,1
11945,1
11946,1
11948,0
11949,1
11950,1
11951,1
11954,0
11955,1
11956,1
11957,1
11958,1
11959,1
11960,1
11961,1
11962,1
11963,1
11964,1
11965,0
11966,1
11967,1
11968,1
11969,1
11970,1
11972,1
11973,1
11974,1
11975,1
11977,0
11978,1
11979,1
11980,1
11981,1
11982,1
11983,1
11984,1
11985,1
11986,1
11987,1
11988,1
11989,1
11990,1
11991,1
11992,1
11993,0
11994,0
11996,1
11997,0
11998,0
11999,1
12001,1
12002,0
12003,1
12004,1
12005,0
12006,1
12007,1
12008,1
12009,1
12012,1
12013,1
12014,0
12015,1
12016,1
12017,1
12019,1
12020,1
12021,1
12024,1
12025,0
12026,1
12027,1
12028,1
12029,0
12030,1
12031,1
12032,1
12033,1
12035,1
12036,1
12037,1
12039,1
12040,1
12041,0
12042,1
12043,1
12044,1
12045,0
12046,1
12047,1
12048,1
12049,1
12050,1
12051,1
12052,0
12053,1
12055,1
12056,0
12057,1
12058,0
12059,1
12060,0
12061,1
12062,1
12063,1
12064,1
12065,1
12066,0
12068,1
12071,0
12072,0
12073,1
12074,0
12075,0
12076,1
12077,1
12078,1
12079,1
12080,1
12081,1
12082,1
12083,1
12084,1
12086,1
12087,1
12088,1
12090,0
12092,1
12093,1
12094,1
12095,0
12096,1
12097,1
12098,1
12099,1
12100,1
12101,1
12102,1
12103,1
12104,1
12106,1
12107,1
12108,0
12109,1
12110,1
12111,1
12112,1
12113,0
12114,1
12115,1
12116,1
12117,1
12118,1
12119,1
12120,1
12121,1
12123,1
12124,0
12126,0
12127,1
12128,0
12129,1
12130,1
12131,1
12132,1
12133,1
12134,1
12135,1
12136,1
12138,0
12139,1
12140,1
12141,1
12142,1
12143,1
12144,1
12145,1
12146,1
12148,1
12150,1
12151,1
12152,0
12153,1
12154,1
12155,1
12156,1
12157,1
12158,1
12159,1
12160,1
12161,0
12162,1
12164,1
12165,1
12166,1
12167,1
12168,1
12170,1
12171,1
12172,1
12173,1
12174,1
12175,1
12176,1
12178,1
12179,0
12180,1
12181,1
12182,1
12183,1
12184,1
12185,1
12186,1
12187,1
12188,1
12190,1
12191,1
12192,1
12193,1
12195,1
12196,1
12197,1
12198,1
12199,1
12200,1
12201,1
12204,1
12205,1
12206,0
12207,1
12208,1
12209,1
12210,0
12211,1
12213,0
12214,1
12215,1
12216,1
12218,1
12219,1
12220,1
12221,0
12222,1
12224,1
12226,1
12227,1
12228,1
12229,1
12230,1
12231,1
12232,1
12233,0
12234,1
12235,1
12236,1
12237,1
12238,0
12239,0
12240,1
12241,1
12242,1
12243,0
12244,0
12245,1
12246,1
12247,1
12248,0
12249,1
12256,1
12257,1
12259,1
12260,1
12262,1
12263,1
12264,0
12265,1
12266,1
12267,1
12268,1
12269,1
12270,1
12271,1
12272,1
12273,1
12274,1
12275,1
12276,1
12277,1
12278,0
12279,0
12280,1
12281,0
12285,1
12287,1
12288,1
12289,1
12290,1
12291,0
12292,0
12293,1
12294,1
12295,0
12296,1
12300,0
12301,1
12302,1
12303,0
12304,1
12306,1
12307,1
12308,1
12309,1
12310,1
12311,1
12312,1
12313,0
12314,1
12315,1
12316,1
12317,1
12318,1
12319,1
12320,1
12321,1
12322,0
12323,0
12324,1
12326,1
12327,1
12328,1
12329,1
12330,1
12331,0
12332,1
12334,1
12335,1
12336,1
12337,1
12338,1
12339,1
12340,1
12341,1
12342,1
12343,1
12344,1
12345,1
12346,1
12347,0
12349,0
12350,1
12351,1
12352,1
12353,1
12354,1
12355,0
12356,1
12357,0
12358,1
12359,0
12362,0
12363,1
12364,1
12365,1
12366,0
12367,1
12368,1
12369,0
12370,0
12371,0
12372,1
12373,1
12374,1
12375,1
12376,1
12378,1
12379,1
12380,1
12381,1
12382,1
12384,1
12385,1
12386,0
12387,0
12388,1
12389,1
12390,1
12391,1
12392,0
12393,0
12394,0
12395,1
12396,1
12398,1
12400,0
12401,1
12402,1
12403,0
12404,1
12405,1
12406,1
12407,1
12408,1
12409,1
12410,1
12411,1
12412,1
12413,1
12414,1
12415,1
12416,1
12418,1
12419,1
12420,0
12422,1
12423,1
12424,1
12426,1
12427,1
12428,0
12429,1
12431,1
12432,0
12433,1
12434,1
12435,1
12436,1
12437,1
12438,1
12439,0
12440,1
12441,1
12442,1
12443,0
12444,1
12445,1
12446,1
12447,1
12448,1
12449,0
12450,1
12451,1
12453,1
12454,1
12455,1
12456,0
12457,1
12458,1
12459,0
12460,1
12461,1
12462,1
12463,1
12464,0
12465,0
12466,1
12467,0
12468,0
12470,1
12471,1
12474,1
12475,1
12476,1
12477,0
12478,1
12479,1
12480,1
12481,1
12482,1
12483,1
12484,1
12485,1
12486,1
12487,1
12488,1
12489,1
12490,1
12491,1
12492,1
12493,1
12494,1
12495,1
12496,1
12497,1
12498,1
12499,1
12500,1
12501,1
12502,0
12503,1
12504,1
12505,1
12506,0
12507,1
12508,1
12509,1
12510,1
12511,1
12512,1
12513,1
12514,1
12515,1
12516,1
12517,1
12518,1
12519,0
12520,0
12521,1
12523,0
12524,0
12525,1
12526,0
12529,1
12530,1
12531,0
12532,1
12533,1
12534,1
12536,1
12537,1
12538,1
12539,1
12540,1
12542,1
12544,1
12545,0
12546,0
12547,1
12548,0
12549,1
12550,1
12551,1
12552,0
12553,0
12554,1
12555,1
12556,1
12557,1
12558,1
12559,1
12560,1
12561,1
12562,1
12563,1
12564,0
12565,1
12566,1
12567,1
12568,0
12569,1
12572,1
12573,1
12574,1
12576,1
12577,1
12578,1
12579,1
12580,0
12581,1
12582,1
12583,1
12584,1
12585,1
12586,1
12587,1
12589,1
12590,1
12591,1
12592,1
12593,0
12594,0
12595,1
12596,1
12597,1
12598,1
12599,0
12600,1
12601,1
12603,1
12604,1
12605,1
12606,1
12607,1
12608,1
12609,1
12610,1
12612,1
12613,1
12614,1
12615,1
12616,1
12617,1
12618,1
12619,1
12620,1
12621,1
12622,1
12623,1
12624,1
12625,1
12626,1
12627,1
12628,1
12629,1
12630,1
12631,0
12632,1
12633,1
12634,0
12635,1
12636,1
12637,1
12638,1
12639,1
12640,1
12641,1
12642,1
12643,1
12644,1
12645,1
12646,0
12647,1
12648,1
12649,1
12650,1
12651,1
12652,1
12653,1
12654,0
12655,1
12656,1
12657,1
12658,1
12659,1
12660,1
12661,1
12662,1
12663,1
12664,1
12665,1
12666,1
12667,1
12668,1
12670,1
12671,1
12672,1
12673,1
12674,1
12675,1
12676,1
12678,1
12679,1
12681,1
12682,1
12684,1
12685,1
12686,1
12687,1
12688,1
12689,0
12690,1
12691,1
12692,0
12693,1
12694,1
12695,1
12696,1
12697,0
12698,1
12699,1
12700,1
12701,1
12702,1
12703,1
12704,1
12705,1
12706,1
12707,1
12708,1
12709,1
12710,1
12711,1
12712,1
12713,1
12714,1
12715,1
12716,1
12717,1
12718,0
12720,1
12721,1
12722,1
12723,1
12724,1
12725,1
12726,1
12727,1
12728,1
12729,1
12730,0
12731,1
12732,1
12733,1
12734,1
12735,1
12736,1
12737,0
12738,0
12739,0
12740,1
12741,1
12742,1
12743,1
12744,0
12745,1
12746,1
12747,1
12748,1
12749,1
12750,1
12751,0
12752,1
12754,1
12755,0
12756,1
12757,1
12758,1
12759,1
12760,1
12761,1
12762,1
12764,1
12765,0
12766,1
12767,1
12768,1
12769,1
12770,1
12771,1
12772,1
12773,1
12774,1
12776,1
12777,1
12778,1
12779,0
12780,1
12781,1
12782,0
12783,1
12784,1
12785,1
12786,1
12787,1
12788,1
12789,1
12790,1
12791,0
12792,1
12793,1
12794,1
12795,1
12796,0
12797,1
12798,1
12799,1
12801,1
12802,1
12803,0
12804,0
12806,1
12807,1
12808,1
12809,1
12810,1
12811,0
12812,1
12813,1
12814,1
12815,1
12816,1
12818,1
12819,1
12820,0
12821,1
12822,1
12823,1
12824,1
12825,1
12826,0
12827,1
12828,1
12829,1
12830,1
12831,1
12832,1
12833,1
12834,0
12835,1
12839,1
12840,0
12841,1
12844,1
12846,1
12847,1
12848,1
12849,1
12850,1
12851,0
12852,1
12853,1
12855,1
12856,1
12857,1
12858,1
12859,1
12860,1
12861,1
12862,1
12863,1
12864,0
12865,1
12866,1
12867,1
12868,0
12870,1
12871,0
12872,1
12873,1
12874,1
12876,1
12877,1
12878,1
12879,1
12880,1
12881,0
12882,1
12885,1
12886,1
12887,1
12888,1
12889,1
12893,1
12894,1
12895,1
12897,1
12898,1
12899,1
12900,1
12901,1
12902,1
12903,1
12904,1
12905,1
12906,1
12907,1
12908,1
12909,1
12910,1
12911,1
12912,1
12913,1
12915,1
12916,1
12917,1
12919,1
12920,1
12921,0
12922,1
12923,1
12924,1
12925,0
12926,0
12927,1
12928,1
12930,1
12931,1
12932,1
12933,1
12934,0
12935,1
12936,1
12937,0
12938,1
12939,1
12940,1
12941,1
12942,1
12943,1
12944,1
12945,0
12946,0
12947,1
12948,1
12949,1
12952,1
12958,1
12962,0
12969,1
12970,1
12971,1
12972,1
12973,1
12974,1
12975,1
12976,1
12977,1
12978,1
12980,1
12982,1
12983,1
12984,1
12985,1
12986,1
12987,1
12988,1
12989,1
12990,1
12991,0
12992,1
12993,0
12994,1
12995,1
12996,0
12997,0
12998,1
12999,1
13000,1
13001,1
13002,1
13003,1
13006,1
13007,1
13008,1
13010,1
13011,1
13013,1
13016,1
13017,1
13018,1
13020,1
13022,1
13031,1
13036,1
13038,1
13039,1
13040,1
13041,1
13042,0
13043,1
13044,1
13047,1
13048,1
13049,1
13050,1
13051,1
13052,1
13057,1
13058,1
13060,1
13062,1
13063,1
13064,1
13065,0
13066,0
13067,1
13069,1
13070,1
13071,1
13072,1
13073,1
13074,1
13075,1
13076,1
13077,1
13078,1
13080,1
13081,1
13082,1
13083,0
13086,1
13087,1
13090,1
13091,1
13092,1
13093,1
13096,1
13098,1
13099,1
13101,1
13103,1
13104,1
13105,1
13106,1
13107,1
13108,1
13109,1
13111,1
13112,1
13113,1
13114,1
13115,1
13117,1
13118,1
13119,1
13120,1
13121,1
13122,1
13123,1
13124,1
13125,0
13126,1
13128,1
13129,1
13130,1
13131,0
13132,1
13133,1
13134,1
13135,0
13136,1
13137,1
13138,1
13140,1
13141,1
13142,0
13143,1
13144,0
13145,1
13146,1
13147,1
13148,1
13150,0
13151,0
13152,1
13153,0
13154,1
13155,1
13156,0
13158,0
13160,0
13162,1
13164,0
13165,1
13166,1
13168,1
13169,0
13170,1
13171,1
13172,1
13173,1
13174,1
13175,0
13176,1
13179,1
13180,1
13181,1
13182,1
13183,1
13184,1
13185,0
13186,1
13187,1
13188,0
13189,1
13190,1
13191,1
13192,1
13193,1
13194,1
13195,1
13196,0
13197,1
13198,0
13199,1
13200,1
13201,1
13202,1
13203,1
13204,1
13205,0
13206,1
13207,1
13208,0
13209,1
13210,1
13211,1
13213,1
13214,1
13215,1
13219,1
13220,1
13221,1
13222,0
13223,1
13224,1
13225,1
13226,1
13227,1
13228,1
13229,1
13230,1
13231,1
13232,1
13233,1
13234,1
13235,1
13237,1
13239,1
13240,1
13246,1
13247,1
13249,1
13250,1
13251,1
13252,1
13253,1
13254,1
13255,1
13256,1
13257,0
13258,1
13259,0
13260,0
13261,1
13262,1
13263,1
13264,1
13265,1
13266,0
13268,0
13269,1
13271,1
13272,1
13273,1
13274,0
13275,1
13276,1
13277,1
13278,0
13279,1
13280,1
13282,1
13283,1
13284,1
13285,1
13286,1
13287,0
13288,1
13289,0
13290,0
13291,1
13292,1
13293,1
13294,1
13295,1
13296,1
13297,1
13298,1
13299,0
13300,1
13302,1
13305,1
13306,0
13310,0
13312,1
13313,1
13314,1
13317,0
13318,1
13319,1
13320,1
13321,0
13322,1
13323,1
13324,1
13325,1
13327,0
13328,1
13329,1
13330,1
13331,1
13332,1
13333,1
13334,1
13335,1
13336,1
13337,0
13339,1
13340,1
13342,0
13343,1
13344,1
13345,1
13346,0
13347,0
13348,1
13351,0
13352,0
13353,1
13354,1
13356,1
13357,1
13358,1
13359,1
13360,1
13361,0
13362,1
13364,1
13366,1
13367,1
13368,1
13369,1
13370,0
13371,1
13374,1
13378,0
13380,1
13381,1
13382,1
13384,0
13385,1
13388,1
13389,1
13390,1
13392,1
13393,1
13395,0
13398,1
13399,1
13400,1
13401,1
13402,0
13403,0
13404,1
13405,1
13406,1
13408,1
13409,1
13410,0
13411,1
13414,1
13415,0
13416,1
13418,1
13419,1
13420,1
13422,1
13424,1
13425,1
13426,0
13427,1
13428,1
13429,1
13430,1
13433,1
13434,1
13435,1
13436,1
13437,0
13438,1
13439,0
13440,0
13443,0
13444,1
13445,1
13447,1
13448,1
13449,1
13454,1
13455,1
13456,0
13458,1
13459,0
13460,1
13461,1
13462,1
13463,1
13464,0
13465,1
13466,1
13467,1
13468,1
13470,1
13472,1
13474,1
13476,1
13477,1
13479,1
13481,0
13482,1
13483,1
13484,1
13485,1
13486,1
13487,1
13488,1
13489,0
13490,1
13491,1
13492,0
13493,1
13494,1
13495,1
13496,1
13497,1
13498,1
13499,1
13500,1
13501,1
13502,1
13503,1
13505,1
13506,1
13507,1
13508,0
13509,1
13511,1
13512,1
13513,1
13514,1
13515,1
13517,0
13518,0
13519,0
13520,1
13522,1
13523,1
13524,0
13525,1
13527,1
13528,1
13529,0
13530,1
13531,1
13533,1
13537,0
13538,1
13539,1
13540,0
13541,0
13542,1
13543,1
13544,1
13545,1
13546,0
13547,1
13548,1
13551,0
13552,1
13555,0
13556,1
13557,1
13559,1
13560,1
13561,1
13562,0
13563,1
13564,0
13565,1
13566,1
13567,1
13568,1
13569,1
13570,1
13572,1
13573,0
13574,1
13575,0
13576,1
13577,1
13579,1
13581,1
13582,1
13583,1
13584,1
13585,1
13586,1
13587,1
13588,1
13590,1
13592,1
13593,1
13594,1
13595,1
13596,1
13597,1
13598,1
13599,1
13600,1
13602,1
13603,1
13604,1
13605,1
13606,1
13607,0
13608,1
13610,1
13611,1
13612,1
13613,1
13614,1
13615,1
13616,1
13617,1
13618,0
13619,1
13620,1
13621,1
13622,1
13624,1
13625,1
13626,1
13627,1
13628,1
13629,0
13630,1
13632,1
13633,1
13634,1
13635,1
13636,1
13638,1
13640,1
13641,0
13644,1
13645,1
13647,1
13650,1
13651,1
13653,1
13654,1
13655,1
13657,1
13658,1
13659,1
13660,1
13661,1
13662,1
13663,1
13664,1
13665,1
13666,0
13667,0
13668,1
13669,1
13670,1
13671,1
13672,0
13673,1
13675,1
13676,1
13677,1
13678,1
13679,1
13680,1
13681,1
13682,0
13683,1
13684,1
13688,1
13689,1
13690,0
13691,1
13692,1
13696,1
13698,0
13699,1
13700,1
13701,0
13702,0
13703,1
13704,0
13706,1
13707,1
13708,0
13709,1
13710,1
13713,1
13715,1
13716,1
13717,1
13718,1
13719,1
13720,0
13725,1
13726,1
13727,1
13728,1
13729,1
13730,1
13732,1
13733,1
13734,0
13735,0
13736,1
13737,1
13738,1
13739,1
13740,1
13741,1
13744,1
13745,1
13747,1
13749,1
13751,1
13752,0
13753,1
13754,1
13755,1
13756,1
13757,1
13758,0
13760,1
13761,1
13762,0
13764,1
13765,1
13766,0
13767,1
13768,1
13769,1
13770,0
13772,1
13773,1
13774,0
13775,0
13776,1
13777,0
13778,1
13779,1
13780,1
13781,1
13782,0
13783,1
13784,1
13786,1
13787,0
13790,1
13794,1
13795,1
13800,1
13801,1
13803,1
13804,1
13805,1
13806,1
13807,1
13808,1
13811,1
13812,1
13813,1
13815,1
13816,1
13817,1
13818,1
13819,1
13820,0
13821,1
13824,0
13825,1
13827,1
13828,0
13829,0
13830,0
13831,1
13832,1
13833,1
13834,0
13836,0
13837,1
13838,1
13839,1
13840,1
13841,1
13842,1
13843,1
13844,1
13845,1
13846,1
13847,1
13848,0
13849,1
13850,0
13851,1
13852,1
13853,1
13854,0
13860,0
13861,1
13868,1
13871,1
13874,1
13875,1
13876,1
13878,1
13879,0
13880,1
13881,1
13882,1
13883,1
13885,1
13886,1
13887,1
13888,1
13889,1
13890,1
13891,1
13892,0
13894,1
13895,1
13896,0
13897,1
13898,1
13899,0
13901,1
13902,0
13903,1
13904,0
13908,1
13909,0
13910,0
13911,0
13912,1
13913,1
13914,1
13915,0
13916,1
13917,0
13918,1
13919,0
13920,1
13922,0
13923,1
13926,1
13927,1
13933,1
13934,1
13935,1
13937,1
13938,1
13939,1
13940,0
13941,1
13942,1
13944,0
13945,1
13946,1
13947,1
13948,1
13949,1
13951,1
13952,1
13953,1
13954,1
13955,1
13956,1
13957,1
13959,0
13962,1
13963,1
13964,1
13965,1
13966,1
13967,1
13968,1
13969,1
13970,1
13971,1
13972,1
13973,0
13977,1
13978,1
13979,1
13980,1
13981,1
13982,1
13983,1
13984,1
13985,1
13986,0
13987,0
13988,1
13989,0
13990,0
13991,1
13992,0
13993,1
13994,1
13995,1
13996,0
13997,1
13998,0
13999,1
14001,1
14002,1
14003,1
14004,1
14006,1
14010,1
14012,1
14015,1
14016,1
14017,1
14019,0
14020,1
14021,1
14022,1
14023,1
14024,1
14025,1
14027,1
14028,1
14029,1
14031,1
14033,1
14034,1
14035,1
14036,1
14038,1
14039,1
14041,1
14042,1
14043,1
14044,1
14045,1
14046,1
14047,1
14049,1
14050,1
14052,1
14053,1
14054,1
14055,1
14056,1
14057,1
14058,0
14059,1
14060,0
14062,1
14063,1
14064,1
14065,0
14066,1
14067,1
14068,1
14069,0
14070,1
14071,1
14072,1
14074,1
14075,1
14078,1
14079,1
14080,1
14081,1
14082,1
14083,1
14084,1
14087,1
14088,1
14089,1
14090,1
14092,1
14093,1
14094,1
14096,1
14097,1
14098,1
14099,1
14100,1
14101,1
14102,1
14103,1
14104,1
14105,1
14107,1
14108,1
14109,1
14110,1
14111,1
14112,1
14113,1
14114,1
14115,1
14116,0
14117,1
14118,1
14119,1
14120,1
14121,1
14122,1
14123,1
14124,1
14126,1
14128,1
14129,0
14130,1
14131,1
14132,1
14134,1
14136,0
14137,1
14138,1
14139,1
14141,1
14143,1
14144,1
14145,1
14146,1
14147,1
14149,0
14150,1
14152,1
14153,1
14154,1
14155,1
14156,1
14157,1
14158,1
14160,1
14161,1
14162,1
14163,1
14164,0
14165,1
14167,0
14168,1
14169,1
14170,1
14171,1
14173,0
14181,1
14182,1
14183,1
14184,1
14185,0
14186,1
14187,1
14188,1
14189,1
14190,0
14191,1
14192,1
14193,1
14194,1
14195,1
14197,1
14201,0
14202,1
14203,0
14204,1
14205,1
14206,1
14207,1
14208,1
14209,1
14210,1
14211,1
14212,1
14216,0
14217,1
14219,1
14225,0
14226,1
14227,1
14229,1
14230,1
14231,1
14232,1
14233,1
14234,1
14235,1
14237,1
14242,0
14243,1
14244,1
14245,1
14246,1
14247,1
14248,1
14249,1
14250,1
14253,1
14254,1
14255,1
14256,0
14259,1
14261,0
14263,1
14264,1
14265,0
14271,1
14272,1
14273,1
14274,1
14275,1
14276,1
14277,1
14278,1
14279,1
14280,1
14281,1
14282,1
14283,1
14284,1
14285,1
14286,1
14287,1
14288,1
14290,1
14291,1
14292,1
14293,1
14294,1
14295,1
14297,0
14298,1
14299,0
14300,1
14301,1
14302,1
14304,1
14305,1
14306,1
14307,1
14308,1
14309,1
14311,1
14314,1
14315,0
14321,1
14322,1
14323,1
14324,1
14325,1
14326,1
14329,1
14330,1
14335,1
14343,1
14344,1
14345,1
14347,1
14348,1
14349,1
14350,1
14351,1
14353,1
14354,1
14355,1
14356,0
14357,1
14358,1
14359,1
14360,1
14361,1
14362,1
14363,1
14364,1
14365,1
14367,1
14368,1
14369,1
14370,1
14371,1
14372,1
14374,1
14375,1
14376,1
14379,1
14380,1
14381,0
14382,1
14383,1
14384,1
14385,1
14386,1
14387,1
14388,1
14389,1
14390,0
14391,0
14392,1
14393,1
14394,1
14395,1
14396,1
14397,1
14398,1
14399,1
14401,1
14405,1
14406,1
14407,1
14408,0
14410,1
14414,1
14415,1
14416,1
14417,1
14418,1
14421,0
14422,1
14423,1
14424,1
14425,1
14426,1
14427,1
14428,1
14429,1
14431,1
14432,1
14433,1
14435,1
14436,1
14437,1
14438,1
14439,1
14440,1
14441,1
14442,1
14443,1
14448,1
14449,1
14450,1
14451,1
14452,1
14453,1
14454,1
14455,1
14456,0
14457,0
14458,1
14459,1
14460,1
14461,1
14462,1
14463,1
14464,0
14465,1
14466,0
14467,1
14470,1
14472,1
14473,1
14474,1
14475,1
14476,1
14477,0
14480,1
14482,1
14485,0
14486,1
14489,1
14490,1
14492,1
14494,1
14495,1
14497,0
14498,1
14499,0
14500,1
14501,1
14503,1
14504,1
14505,1
14507,1
14508,1
14510,1
14511,1
14512,1
14514,1
14515,0
14516,1
14517,1
14518,1
14519,1
14520,1
14521,1
14522,1
14523,1
14524,1
14525,1
14526,1
14527,1
14529,1
14530,1
14531,1
14532,1
14533,1
14534,1
14535,1
14536,1
14537,1
14539,1
14540,1
14541,1
14542,1
14543,1
14544,1
14546,1
14547,1
14548,0
14549,1
14550,1
14552,0
14553,0
14554,0
14556,1
14558,1
14560,1
14563,1
14564,1
14565,1
14567,1
14568,1
14570,1
14571,0
14572,1
14575,1
14577,1
14578,1
14579,1
14580,1
14581,1
14582,1
14583,1
14586,1
14588,1
14589,1
14590,1
14591,1
14592,1
14594,0
14595,1
14596,1
14599,1
14600,1
14601,1
14602,1
14603,1
14604,1
14605,0
14606,1
14607,1
14608,1
14610,1
14611,1
14612,1
14613,1
14614,1
14615,1
14616,1
14617,1
14618,1
14619,1
14623,1
14624,1
14625,1
14627,0
14628,1
14633,1
14635,1
14636,1
14637,1
14638,1
14639,1
14642,1
14643,1
14644,1
14645,1
14646,1
14647,1
14648,1
14649,1
14650,0
14651,1
14652,1
14653,1
14654,1
14655,1
14656,1
14657,0
14658,1
14660,1
14661,1
14662,1
14663,1
14664,1
14665,1
14666,1
14667,1
14668,1
14670,0
14671,1
14672,1
14673,1
14675,1
14676,1
14677,0
14678,1
14679,1
14680,1
14681,1
14682,1
14683,1
14684,1
14686,1
14687,1
14688,1
14689,1
14691,1
14692,1
14693,1
14695,1
14696,1
14700,1
14701,1
14702,1
14704,1
14705,0
14707,1
14708,1
14709,1
14710,1
14711,1
14712,0
14715,1
14716,1
14717,0
14718,0
14719,1
14720,1
14721,1
14722,1
14723,0
14724,1
14725,1
14726,1
14727,1
14728,1
14729,1
14730,1
14731,1
14732,1
14733,1
14734,1
14736,1
14737,1
14745,1
14746,1
14747,1
14749,1
14750,1
14751,1
14752,1
14753,1
14754,1
14755,1
14756,1
14757,1
14758,1
14759,1
14760,1
14761,1
14762,1
14765,1
14766,1
14767,1
14769,1
14770,1
14771,1
14772,1
14773,1
14774,1
14775,0
14776,1
14777,1
14778,1
14779,1
14780,1
14781,1
14783,0
14784,1
14786,1
14789,1
14790,0
14791,1
14792,1
14794,0
14795,1
14796,1
14797,1
14799,1
14803,1
14804,1
14805,1
14807,1
14810,1
14812,1
14813,1
14814,1
14815,1
14817,1
14818,0
14819,1
14820,1
14821,1
14822,1
14823,1
14824,1
14825,1
14826,1
14827,1
14828,1
14829,1
14830,1
14831,0
14832,1
14833,1
14834,1
14836,0
14838,1
14839,1
14840,1
14841,1
14842,1
14843,1
14844,1
14846,0
14847,0
14848,1
14849,1
14850,1
14851,1
14852,1
14853,1
14854,1
14855,1
14856,0
14857,1
14858,1
14859,1
14861,1
14862,1
14863,1
14864,1
14865,1
14867,1
14869,1
14870,1
14872,0
14873,1
14874,1
14875,1
14876,1
14877,1
14878,1
14880,1
14881,1
14883,1
14885,1
14886,1
14887,1
14888,1
14889,1
14890,1
14891,1
14892,1
14893,1
14894,1
14895,1
14896,1
14897,1
14898,1
14900,1
14901,1
14902,1
14903,1
14904,0
14905,1
14906,1
14907,1
14909,1
14910,1
14911,1
14912,1
14913,1
14914,1
14915,1
14916,0
14917,1
14918,1
14919,1
14920,1
14921,1
14923,1
14924,1
14925,1
14927,1
14928,1
14929,1
14930,1
14932,1
14933,1
14935,0
14936,1
14938,1
14939,1
14940,1
14941,1
14943,1
14944,1
14945,1
14947,1
14948,1
14949,1
14951,1
14952,1
14953,1
14954,1
14955,1
14956,1
14959,1
14960,1
14961,1
14962,0
14963,1
14964,1
14965,1
14966,1
14967,1
14968,1
14969,1
14970,1
14971,1
14972,1
14974,1
14975,1
14976,1
14977,1
14978,1
14979,1
14981,1
14982,1
14983,1
14984,0
14985,1
14986,1
14987,1
14989,1
14990,0
14992,1
14993,1
14994,1
14995,1
14996,1
14997,1
14998,1
14999,1
15000,1
15001,0
15002,1
15003,1
15004,1
15005,1
15006,1
15007,1
15008,1
15009,1
15010,0
15011,1
15012,1
15013,1
15014,0
15015,1
15016,1
15017,1
15018,1
15020,1
15021,1
15022,1
15024,1
15025,1
15026,1
15027,1
15028,1
15029,1
15030,0
15031,1
15033,1
15034,1
15036,1
15037,1
15038,1
15039,1
15041,1
15042,1
15043,1
15044,1
15045,1
15047,1
15048,1
15050,1
15053,1
15054,1
15055,1
15056,1
15058,0
15059,1
15061,1
15062,1
15063,1
15064,1
15065,1
15067,1
15068,0
15069,1
15070,1
15071,1
15072,0
15073,1
15074,1
15075,1
15076,1
15077,1
15078,1
15080,1
15081,1
15082,1
15083,0
15084,1
15085,1
15086,1
15087,1
15088,1
15089,1
15090,1
15092,1
15093,1
15094,0
15095,1
15096,1
15097,1
15098,0
15100,1
15101,1
15102,1
15103,1
15104,1
15105,1
15107,1
15108,1
15109,1
15110,1
15112,1
15113,1
15114,1
15115,1
15116,1
15117,1
15118,0
15119,1
15120,1
15121,1
15122,1
15123,1
15124,1
15126,1
15128,1
15129,1
15130,1
15132,1
15133,1
15134,1
15135,1
15136,1
15137,1
15138,1
15139,1
15140,1
15141,1
15142,1
15143,1
15144,1
15145,1
15146,1
15148,1
15149,1
15150,1
15151,1
15152,1
15153,1
15154,1
15155,1
15156,1
15157,1
15158,1
15159,1
15160,1
15161,1
15162,0
15163,1
15164,1
15165,1
15166,0
15167,1
15169,1
15170,1
15171,1
15172,1
15173,1
15175,1
15176,1
15177,1
15178,1
15179,1
15185,1
15186,1
15188,0
15191,1
15192,1
15193,1
15194,1
15195,1
15196,1
15197,1
15198,1
15199,1
15200,1
15202,0
15203,1
15204,1
15207,1
15208,1
15209,1
15210,0
15211,1
15212,1
15213,1
15214,1
15215,1
15216,1
15217,1
15218,1
15219,1
15220,1
15222,1
15223,1
15224,0
15225,1
15226,1
15227,1
15228,1
15229,1
15230,1
15231,1
15232,1
15233,1
15234,1
15235,1
15236,1
15237,1
15238,1
15239,1
15240,1
15241,1
15242,0
15243,1
15244,1
15245,1
15246,1
15247,0
15248,0
15249,1
15250,1
15251,1
15257,1
15258,1
15260,1
15262,1
15266,1
15267,1
15269,0
15271,0
15272,1
15273,1
15274,1
15275,1
15276,1
15277,0
15278,1
15279,1
15280,1
15283,1
15284,1
15286,1
15288,1
15289,1
15290,1
15291,1
15292,1
15293,1
15294,1
15295,1
15296,1
15297,1
15298,1
15299,1
15300,1
15302,1
15303,1
15305,1
15306,1
15308,1
15309,1
15310,1
15312,1
15313,1
15314,1
15315,0
15317,0
15318,0
15319,1
15320,1
15321,1
15323,1
15324,1
15325,1
15326,1
15327,1
15329,1
15330,1
15331,1
15332,1
15333,1
15335,1
15336,1
15337,1
15338,1
15339,1
15340,1
15341,1
15342,1
15343,1
15344,0
15345,1
15347,1
15348,1
15349,1
15350,1
15353,1
15354,1
15355,1
15356,1
15357,1
15358,1
15359,1
15360,1
15361,1
15363,1
15364,1
15365,1
15366,1
15367,1
15368,1
15369,1
15370,1
15371,1
15372,1
15373,1
15374,1
15375,1
15376,1
15377,1
15378,1
15380,1
15382,1
15383,1
15384,1
15385,1
15386,1
15391,1
15392,1
15393,1
15394,1
15395,1
15396,0
15397,1
15398,1
15399,1
15400,1
15401,1
15402,1
15403,1
15404,1
15405,1
15406,1
15407,1
15408,1
15409,1
15410,0
15411,1
15412,1
15413,1
15414,1
15415,1
15416,1
15417,1
15418,1
15419,1
15420,1
15421,0
15422,1
15423,1
15424,1
15425,1
15426,1
15427,1
15428,0
15429,1
15430,1
15431,1
15432,1
15433,1
15434,0
15435,1
15436,1
15437,1
15438,1
15439,1
15440,1
15441,1
15442,1
15443,1
15444,1
15446,1
15447,1
15448,1
15453,1
15455,1
15456,1
15457,1
15458,1
15459,1
15460,1
15462,0
15463,1
15464,1
15467,1
15468,1
15469,1
15470,1
15471,1
15472,1
15473,1
15475,1
15476,1
15477,1
15479,1
15480,1
15481,1
15482,1
15483,1
15484,0
15485,1
15486,1
15487,1
15488,1
15489,1
15490,1
15491,1
15492,1
15494,1
15495,1
15496,1
15497,1
15498,1
15499,1
15500,1
15501,1
15503,1
15504,1
15505,1
15506,1
15507,1
15508,1
15509,1
15510,1
15511,1
15512,1
15513,1
15514,1
15515,1
15516,1
15517,1
15518,1
15519,0
15521,1
15522,1
15523,1
15524,1
15525,1
15526,1
15527,1
15528,1
15529,1
15530,1
15532,1
15534,0
15535,1
15542,1
15543,0
15544,1
15545,0
15546,1
15548,1
15549,1
15550,1
15551,0
15552,1
15553,1
15554,1
15555,1
15556,1
15557,1
15559,1
15560,1
15562,1
15563,1
15564,0
15565,1
15567,1
15568,1
15569,1
15570,1
15571,1
15572,1
15573,1
15574,1
15575,1
15576,1
15577,0
15578,1
15579,1
15580,1
15581,1
15582,1
15583,1
15584,1
15585,1
15586,1
15588,0
15589,1
15590,1
15591,1
15592,1
15593,0
15594,1
15595,1
15596,1
15597,1
15598,0
15600,1
15601,0
15602,1
15603,1
15604,0
15605,1
15606,1
15607,1
15608,0
15609,1
15611,1
15612,1
15613,1
15614,1
15616,1
15617,1
15618,1
15619,1
15620,1
15621,1
15622,1
15623,1
15624,0
15625,1
15626,1
15627,1
15628,1
15629,1
15630,1
15632,1
15633,0
15634,1
15635,1
15636,1
15637,1
15638,1
15639,1
15640,1
15642,1
15646,1
15647,1
15648,1
15649,1
15650,1
15651,1
15652,1
15654,1
15655,1
15657,1
15658,1
15659,0
15660,0
15661,1
15662,1
15663,0
15664,1
15665,1
15666,1
15667,1
15668,1
15669,1
15670,0
15671,1
15672,1
15673,1
15674,1
15675,1
15676,1
15677,1
15679,1
15680,1
15681,1
15682,1
15683,0
15684,1
15685,1
15686,1
15687,1
15688,1
15689,1
15690,1
15691,1
15692,1
15693,1
15694,1
15695,1
15696,1
15697,1
15698,1
15699,0
15700,1
15701,1
15703,1
15704,1
15705,1
15707,1
15708,1
15709,1
15710,1
15711,1
15712,1
15713,0
15714,1
15715,1
15716,1
15717,1
15718,1
15719,0
15720,1
15721,1
15722,1
15723,1
15724,0
15725,1
15726,1
15727,1
15728,1
15730,1
15731,1
15732,1
15733,1
15736,1
15737,1
15738,0
15739,0
15740,1
15741,1
15742,0
15743,1
15744,1
15745,0
15746,1
15747,1
15749,1
15750,1
15751,1
15752,1
15753,1
15754,1
15755,1
15757,1
15758,1
15759,0
15760,1
15761,1
15762,1
15763,1
15764,1
15765,1
15766,0
15767,1
15768,1
15769,1
15770,0
15771,1
15772,1
15773,1
15774,1
15775,1
15776,1
15777,0
15778,1
15779,0
15780,1
15782,1
15783,1
15784,1
15785,1
15786,1
15787,1
15788,1
15789,1
15790,1
15791,1
15793,1
15794,1
15795,1
15797,1
15798,1
15799,1
15800,1
15801,1
15802,1
15803,1
15805,1
15806,1
15807,0
15808,0
15809,1
15810,0
15811,1
15812,1
15813,1
15814,1
15816,1
15817,0
15818,1
15819,0
15820,0
15821,1
15822,1
15824,1
15825,0
15826,1
15827,1
15828,1
15830,1
15831,1
15833,1
15834,1
15835,0
15836,1
15837,1
15838,1
15840,0
15841,1
15842,1
15843,1
15844,1
15845,1
15846,1
15848,1
15849,1
15850,1
15851,1
15852,1
15853,1
15854,1
15855,1
15856,1
15857,1
15858,1
15859,1
15860,1
15861,1
15862,1
15863,1
15865,1
15866,1
15867,1
15868,1
15869,1
15870,1
15871,1
15872,1
15873,1
15874,1
15876,1
15878,1
15879,1
15880,1
15881,1
15882,1
15883,1
15884,0
15885,1
15886,1
15887,1
15888,1
15889,0
15890,1
15891,1
15892,1
15893,1
15894,1
15895,0
15896,1
15897,1
15898,1
15899,1
15900,1
15901,1
15902,1
15903,1
15904,1
15905,1
15906,1
15907,1
15908,0
15910,1
15911,0
15912,1
15913,1
15914,1
15915,1
15916,1
15917,1
15918,1
15919,1
15920,1
15921,1
15922,1
15923,0
15924,1
15925,1
15926,1
15927,1
15928,1
15929,1
15930,1
15931,1
15932,1
15934,0
15935,1
15936,1
15937,1
15938,1
15940,1
15941,1
15942,1
15944,1
15945,1
15946,1
15947,1
15948,0
15949,1
15950,1
15951,0
15953,1
15954,1
15955,1
15957,1
15958,1
15959,1
15960,1
15961,0
15962,1
15963,0
15964,1
15965,1
15966,1
15967,1
15968,1
15970,1
15971,1
15972,1
15973,1
15974,1
15975,0
15976,1
15977,1
15978,1
15979,1
15980,0
15981,1
15982,1
15983,1
15984,0
15985,1
15986,1
15987,1
15988,1
15989,1
15990,1
15992,1
15993,1
15994,1
15995,1
15996,0
15997,1
15998,1
15999,0
16000,1
16001,1
16002,1
16003,1
16004,1
16005,1
16006,1
16008,1
16009,1
16010,1
16011,1
16012,0
16013,1
16014,1
16015,1
16016,1
16017,1
16018,1
16019,1
16020,1
16021,1
16022,1
16023,1
16025,0
16026,1
16027,1
16028,1
16029,1
16030,0
16031,1
16032,1
16033,1
16034,1
16036,0
16038,1
16039,0
16041,1
16042,1
16043,1
16044,1
16045,1
16047,1
16048,1
16049,1
16050,1
16051,1
16052,1
16053,1
16054,0
16055,1
16059,1
16060,1
16061,1
16062,1
16063,0
16064,1
16065,1
16066,1
16067,1
16068,1
16069,1
16070,1
16071,1
16072,1
16073,1
16074,1
16075,1
16076,1
16077,1
16078,1
16079,1
16080,1
16081,0
16082,1
16083,1
16085,1
16086,1
16087,1
16088,1
16092,1
16093,1
16094,1
16095,1
16096,1
16097,0
16098,1
16099,1
16100,1
16102,0
16104,1
16106,1
16107,1
16108,1
16109,0
16111,1
16112,1
16113,1
16114,1
16115,1
16116,1
16117,1
16118,1
16120,1
16121,1
16122,1
16124,1
16125,1
16126,1
16127,1
16128,1
16129,1
16130,1
16131,1
16132,1
16133,1
16134,1
16135,0
16136,1
16137,1
16138,1
16139,1
16140,1
16141,1
16142,0
16143,1
16144,1
16145,1
16146,1
16147,1
16148,1
16149,1
16151,1
16152,1
16153,1
16154,1
16155,0
16156,1
16157,1
16158,1
16159,1
16160,1
16161,1
16162,1
16163,1
16164,1
16165,1
16168,0
16170,1
16172,1
16174,1
16176,1
16178,1
16179,0
16180,1
16181,1
16183,0
16184,1
16185,1
16186,1
16187,1
16188,1
16191,1
16192,1
16193,1
16195,1
16196,1
16197,0
16198,1
16200,1
16201,1
16203,1
16204,1
16205,1
16206,1
16207,1
16208,1
16209,0
16210,1
16211,1
16212,1
16213,1
16214,1
16215,1
16216,1
16217,1
16219,1
16220,1
16221,0
16222,1
16223,1
16224,1
16225,1
16226,1
16227,1
16228,1
16229,1
16231,0
16232,1
16233,1
16234,1
16235,1
16236,1
16237,1
16238,1
16242,1
16243,1
16244,1
16246,0
16254,1
16255,1
16256,1
16257,1
16258,1
16259,1
16260,0
16261,1
16262,1
16263,1
16264,1
16265,1
16266,1
16267,1
16268,1
16269,1
16270,1
16271,1
16272,1
16273,1
16275,1
16277,1
16278,1
16279,1
16280,1
16281,1
16282,1
16283,1
16284,1
16285,1
16286,1
16287,1
16288,1
16289,1
16290,0
16291,1
16292,1
16293,1
16294,1
16296,1
16297,1
16298,1
16299,1
16301,1
16302,1
16303,1
16304,1
16305,1
16306,1
16307,1
16308,1
16309,1
16310,1
16312,1
16313,0
16314,1
16315,1
16316,1
16317,1
16320,1
16321,1
16322,1
16323,1
16324,1
16325,1
16326,1
16327,1
16328,0
16329,0
16330,1
16331,1
16333,1
16334,1
16335,1
16337,1
16339,1
16340,1
16341,0
16342,1
16343,1
16344,1
16345,1
16346,1
16347,1
16348,1
16349,1
16350,1
16351,1
16352,1
16354,1
16355,1
16357,1
16358,1
16360,1
16361,1
16362,1
16363,1
16364,1
16365,1
16366,1
16367,1
16369,1
16370,1
16371,1
16372,1
16374,1
16375,1
16376,0
16377,1
16378,1
16379,1
16380,1
16381,1
16382,1
16384,1
16385,1
16386,1
16387,1
16389,0
16392,0
16393,0
16398,0
16399,1
16400,1
16401,1
16402,1
16403,1
16404,1
16405,1
16406,1
16407,1
16408,0
16409,1
16410,1
16411,1
16414,1
16415,1
16416,1
16417,1
16419,1
16420,1
16421,1
16422,1
16423,1
16424,1
16425,1
16426,1
16427,1
16428,1
16431,1
16432,1
16442,1
16443,1
16445,0
16448,1
16452,1
16453,1
16454,1
16456,1
16457,1
16458,1
16459,0
16463,1
16464,1
16465,1
16466,1
16467,1
16468,1
16469,1
16470,1
16471,1
16472,1
16473,1
16475,1
16476,1
16477,0
16478,1
16479,1
16480,0
16481,1
16482,1
16483,1
16484,1
16488,0
16491,1
16492,1
16494,0
16495,0
16496,0
16497,1
16498,0
16502,1
16503,1
16504,1
16505,1
16506,1
16507,1
16508,1
16509,1
16510,1
16511,1
16513,0
16514,1
16515,1
16516,1
16517,1
16518,1
16520,1
16521,1
16522,0
16523,1
16524,1
16525,1
16526,1
16527,1
16528,1
16529,0
16530,1
16531,1
16532,1
16533,1
16534,0
16535,0
16536,1
16537,0
16538,1
16539,1
16540,1
16541,1
16543,1
16547,1
16548,1
16549,0
16550,1
16551,1
16552,1
16555,1
16556,0
16559,1
16561,1
16562,1
16563,1
16564,1
16566,1
16567,1
16568,1
16569,1
16570,1
16571,1
16572,0
16573,1
16574,1
16575,1
16576,1
16577,1
16578,1
16579,1
16580,1
16583,1
16584,1
16586,1
16587,1
16588,1
16589,1
16590,1
16591,1
16592,1
16594,1
16595,1
16597,1
16598,1
16599,1
16600,1
16601,1
16602,1
16605,0
16606,1
16608,1
16609,0
16610,0
16611,1
16612,1
16613,1
16614,1
16615,1
16616,1
16617,1
16618,1
16619,1
16620,0
16621,1
16622,1
16623,1
16624,1
16625,1
16626,1
16628,1
16629,0
16630,0
16631,1
16632,1
16633,1
16634,1
16635,1
16636,1
16637,1
16638,1
16639,1
16640,1
16641,1
16642,0
16644,1
16646,1
16647,1
16650,1
16651,1
16652,0
16653,1
16654,1
16655,1
16656,1
16657,1
16658,1
16659,1
16660,1
16661,1
16662,1
16664,1
16665,1
16666,1
16667,0
16669,0
16671,0
16672,0
16674,0
16676,1
16677,0
16678,0
16680,0
16681,0
16682,1
16683,1
16684,1
16685,1
16686,0
16688,0
16689,1
16690,0
16691,1
16692,1
16693,0
16695,1
16696,1
16697,1
16698,1
16699,1
16700,1
16701,0
16704,1
16705,0
16706,1
16707,1
16708,1
16709,1
16710,1
16711,1
16712,1
16713,1
16714,1
16715,1
16716,1
16717,1
16718,1
16719,1
16720,1
16721,1
16723,1
16724,1
16725,1
16726,1
16727,1
16728,1
16729,1
16732,1
16733,1
16734,1
16735,1
16736,1
16738,1
16742,1
16745,0
16748,1
16750,1
16751,0
16752,0
16753,1
16754,1
16755,1
16756,1
16758,0
16759,1
16760,1
16761,1
16762,1
16763,0
16764,1
16765,1
16766,1
16768,1
16769,1
16770,0
16771,1
16772,1
16773,1
16774,1
16775,1
16776,1
16777,1
16778,1
16779,1
16780,1
16781,1
16782,1
16783,1
16786,1
16787,1
16788,1
16789,1
16790,1
16791,1
16792,1
16793,1
16794,1
16795,1
16796,1
16798,1
16799,1
16800,1
16801,1
16802,1
16803,0
16804,1
16805,0
16806,1
16807,0
16808,1
16809,0
16811,0
16812,1
16813,0
16814,0
16815,1
16816,0
16817,1
16818,0
16819,0
16820,1
16821,1
16822,1
16823,1
16824,1
16825,1
16826,1
16827,1
16828,1
16829,1
16830,0
16831,1
16832,1
16833,1
16834,1
16835,1
16836,1
16837,1
16838,1
16839,1
16842,1
16843,1
16844,1
16845,1
16846,1
16847,1
16848,1
16849,1
16850,0
16851,1
16852,1
16853,1
16854,1
16855,0
16857,1
16858,1
16860,1
16861,0
16862,1
16863,1
16864,1
16865,1
16866,1
16867,1
16868,1
16869,1
16870,1
16871,1
16872,1
16873,1
16874,1
16875,1
16876,1
16877,1
16878,1
16879,1
16880,1
16881,0
16882,1
16883,0
16884,1
16885,1
16887,1
16889,1
16890,0
16891,1
16892,0
16895,0
16897,0
16898,0
16899,1
16900,1
16901,1
16902,1
16903,1
16904,1
16905,1
16906,1
16908,1
16909,1
16910,1
16911,1
16912,1
16913,1
16914,1
16915,1
16916,1
16917,0
16918,1
16919,1
16920,1
16921,1
16922,1
16923,1
16924,1
16925,1
16926,1
16927,1
16929,1
16930,1
16931,1
16932,1
16933,1
16934,1
16935,1
16936,1
16937,1
16939,1
16940,1
16941,1
16942,1
16943,1
16944,1
16945,1
16946,1
16947,1
16948,1
16950,1
16951,1
16952,1
16953,0
16954,1
16955,0
16957,0
16958,0
16959,0
16961,0
16962,0
16963,0
16964,0
16965,1
16966,0
16967,0
16969,0
16970,0
16971,1
16972,1
16973,0
16974,1
16975,1
16976,1
16977,1
16978,1
16979,1
16980,1
16981,1
16983,1
16984,1
16985,1
16986,1
16987,0
16989,1
16990,1
16991,1
16992,1
16993,1
16994,1
16995,0
16996,1
16997,1
16998,1
16999,0
17000,1
17001,1
17002,1
17003,1
17004,1
17005,1
17006,0
17007,1
17008,1
17009,1
17010,1
17011,1
17015,1
17016,1
17017,1
17019,1
17021,1
17022,1
17026,1
17027,0
17028,0
17029,0
17030,0
17031,0
17032,0
17033,0
17034,1
17035,0
17036,0
17037,0
17038,0
17039,0
17040,0
17041,0
17043,1
17044,1
17045,1
17046,1
17047,1
17052,1
17055,1
17056,1
17057,1
17058,1
17059,1
17060,1
17061,1
17062,1
17063,1
17064,1
17065,1
17066,1
17067,1
17068,1
17069,1
17070,1
17071,1
17072,1
17073,1
17074,1
17075,1
17076,1
17077,1
17093,1
17094,0
17095,0
17097,1
17098,1
17099,0
17100,1
17101,0
17102,0
17103,0
17104,0
17105,0
17106,0
17108,1
17109,0
17110,1
17113,1
17114,1
17115,1
17116,1
17118,1
17120,1
17122,1
17123,1
17124,1
17125,0
17126,1
17127,1
17128,1
17129,1
17130,1
17131,1
17132,1
17133,1
17134,1
17135,1
17136,1
17137,1
17138,1
17139,1
17140,1
17141,1
17142,1
17143,1
17146,1
17151,1
17152,1
17160,1
17162,1
17164,1
17165,1
17166,1
17167,1
17168,0
17169,1
17170,1
17171,1
17172,1
17174,1
17176,0
17177,1
17178,1
17179,1
17180,1
17181,1
17182,1
17183,1
17184,1
17185,1
17186,1
17187,1
17188,0
17189,1
17190,1
17191,0
17192,1
17193,1
17194,1
17195,1
17196,1
17201,1
17202,1
17203,1
17206,0
17209,1
17211,1
17214,0
17215,1
17216,1
17217,1
17222,1
17223,1
17224,1
17225,1
17226,1
17228,1
17229,0
17230,1
17231,1
